static const char kernel_config_data[] __used = MAGIC_START
	"\x1f\x8b\x08\x00\x00\x00\x00\x00\x02\x03\x94\x3c\x5b\x73\xdb\x36"
	"\xb3\xef\xfd\x15\x9a\xf4\xbc\x36\x91\x7c\x8b\x33\x67\x3c\x73\x40"
	"\x12\x94\x50\x91\x04\x0d\x80\x92\xec\x17\x8e\xea\x28\x89\xa7\xb6"
	"\x94\x4f\x96\xd3\xe6\xdf\x9f\x5d\x80\x14\x01\x12\x90\xf3\xf5\x21"
	"\x35\xb1\x8b\xc5\x6d\xb1\x77\xe8\xf7\xdf\x7e\x1f\x91\xd7\xc3\xee"
	"\x79\x7d\x78\x7c\x58\x3f\x3d\xfd\x1c\x7d\xdd\x6c\x37\xfb\xf5\x61"
	"\xf3\x79\xf4\xe5\xf1\x69\xf3\xbf\xa3\x84\x8f\x0a\xae\x46\x34\x61"
	"\xea\x3d\x20\x67\x8f\xdb\xd7\x7f\x3f\xac\xf7\xcf\x57\x17\xa3\x8b"
	"\xf7\x93\x8b\xf7\xe7\x97\x57\x7f\xec\xbe\x43\xa7\xa7\xf5\x1f\xfb"
	"\x87\xc9\x68\xbe\xd9\xc3\xdf\xa3\x78\xb7\xfd\xf2\xf8\xf5\x15\x28"
	"\x3d\xee\xb6\xbf\xfd\xfe\x5b\xcc\x8b\x94\x4d\x6b\x22\xf2\xab\x8b"
	"\x9b\x9f\xed\xe7\xd5\x45\xc4\x54\xf7\x49\x44\x3c\xab\xcb\xd9\x9d"
	"\xac\x49\x92\x88\x5a\xf5\xe1\x79\x5e\xd9\xc8\x40\xaa\x2e\xc9\x94"
	"\xd6\x72\xc6\x52\x75\x33\x39\x73\x41\xf0\xa1\x1a\xd0\x85\x33\x42"
	"\x9e\x93\xb2\x16\x45\x52\x03\x71\x59\xe7\xac\xb8\x99\x5c\x9f\x42"
	"\x20\xab\x9b\xb3\x00\x85\x98\xe7\x25\x51\x16\xa1\xc9\x2f\xe0\x01"
	"\xbd\xc9\x55\x8b\x27\x15\x89\xe7\x4a\x90\x18\x96\x51\x95\x25\x17"
	"\xd6\x7a\x59\x96\xd1\x29\xc9\xea\x92\xb3\x42\x51\x51\x2f\x48\x56"
	"\xd1\x9b\xf1\xbf\x9f\x37\xeb\xcf\x63\xeb\xbf\x16\x3f\xe3\xf1\x3c"
	"\xa1\xe5\x90\x90\xa1\xcf\xc4\x6d\x9a\x91\xa9\x1c\xc2\xc5\x52\xd2"
	"\xbc\x5e\xc5\xb3\x29\x6c\x7c\x4d\xb2\x29\x17\x4c\xcd\xf2\x0e\x61"
	"\x4a\x0b\x2a\x58\x5c\x47\xd5\xd4\xdb\x58\x0b\x9a\x11\xc5\x16\xb4"
	"\x9d\xab\x1c\xa2\xcd\x96\x94\x4d\x67\x6a\x08\x88\x65\xe5\x19\x2a"
	"\x26\x19\x8b\x04\x51\xb4\x4e\x80\xf6\x1d\x20\xfc\x3e\x6a\x50\xee"
	"\x79\x01\xad\x39\x19\x3d\xbe\x8c\xb6\xbb\xc3\xe8\x65\x73\x68\x7b"
	"\xcf\x08\xcc\xa1\x25\x31\xad\xca\x1e\x73\x41\xa7\x00\x6f\x15\x94"
	"\x26\x1a\x8c\x47\x06\x87\xa2\x68\x0f\x26\xa7\x1a\x9c\xd1\x62\xaa"
	"\x66\x1d\x4c\xe6\xd6\x18\x72\xc9\xb8\xca\x22\xeb\x04\x39\xf0\x6c"
	"\x3d\xa3\x59\x49\x45\xd7\x3a\xa7\xa2\xa0\x59\x9d\xf3\x84\x02\x6d"
	"\x5e\x74\x90\x94\xad\x6a\x4a\x44\x76\x07\xdf\x75\x4e\xad\x6d\x29"
	"\xa7\x8a\x44\x19\x85\xf1\x17\x34\x93\x37\xe7\xce\xb2\x9a\x03\x95"
	"\x75\x55\x0a\x1e\x51\xd9\xbf\x52\x82\xc7\xf5\x3c\xe6\x82\xd6\x8a"
	"\xae\xac\x45\x27\x34\x6d\x59\x87\x49\x75\xf3\xee\xc3\xd3\xe3\x5f"
	"\x1f\x9e\x77\x9f\x5f\x9f\x36\x2f\x1f\xfe\xa7\x2a\x48\x4e\xf1\x64"
	"\x29\x91\xf4\xc3\xfb\x07\x7d\xa5\xdf\x75\xc7\xa0\x38\xcf\x8e\xcc"
	"\x84\x78\xc2\x73\x20\xc0\x74\xf5\x92\x8b\x79\x37\x68\x54\xb1\x2c"
	"\x51\x0c\x48\xc3\x5c\xf4\x9a\xa4\xcb\xac\x33\x41\x49\x52\xb3\x22"
	"\xe5\xf0\x4f\xad\x88\xc4\xce\x20\x43\x7e\x1f\x4d\xb5\x70\x7a\x42"
	"\xfa\xaf\xdf\x3b\xa9\xc2\x0a\xa6\x6a\x5a\x2c\x60\xb5\xb8\x92\x1c"
	"\xce\xf5\xfc\x28\x0c\x62\xc1\xa5\xd4\x17\x90\x65\xf4\xe6\x9d\x35"
	"\xff\xa6\x0d\xf6\x44\x2a\xcf\xcc\xe1\x36\x91\x6c\x01\xac\xcc\xe0"
	"\x84\xde\xfd\xdf\x76\xb3\xdb\x3d\x7c\x7b\x7c\xfc\xe3\xc7\xe5\xfb"
	"\x6b\x8b\x8a\x8d\x56\x93\x4a\x71\x0f\x29\xd8\x67\x52\x65\xaa\x9e"
	"\x71\xa9\x70\x53\x6f\xde\x7d\xb9\x3a\x7b\xd7\x71\x0d\xb1\x79\xe8"
	"\x4e\x2e\x58\x19\x0f\x1a\xf0\xff\xb1\xca\xec\x7b\x50\x72\x09\xfc"
	"\x92\xdf\x56\xb4\xa2\x9e\x51\xcd\xca\x81\x8b\xb8\xb8\xab\x89\x02"
	"\x41\x33\xb3\x7b\xa7\x33\x52\x24\x99\xd3\xf1\x08\xab\x24\x85\xdb"
	"\xe7\xa1\x49\xaa\xc4\xbe\x35\xfa\xba\x69\x1e\xd3\x00\x9c\x22\xc9"
	"\x32\x8b\xfd\xc2\xad\xf5\x92\xa8\x78\xd6\x6f\x54\x82\xd2\xf6\xb4"
	"\x81\x75\x46\x2f\xaf\x7f\xbd\xfc\x7c\x39\x6c\x9e\xbb\xd3\x6e\x6f"
	"\x37\x72\x96\x66\xf7\xa1\xec\x40\x90\x9c\xf1\x65\x18\x62\xee\x91"
	"\x1f\x4e\xd3\x94\xc6\x5a\x98\x91\x34\x05\x79\x20\xe7\x7e\xbc\x9c"
	"\x4d\x41\x3e\x31\xfb\xfe\xce\x88\x48\x00\x04\xb7\x62\x09\x17\x42"
	"\xd2\x22\xb1\x64\x01\x74\x49\x78\x4e\x58\xe1\x6b\xab\x67\x8c\x0a"
	"\xdc\xc9\xbb\xe1\x60\xb9\x64\x88\x19\x04\x0c\xc8\x9a\x93\x6d\x29"
	"\x3b\x5d\x11\x3d\xe5\x22\x06\x89\x66\x2e\x1a\x2b\x2c\x91\x2e\x4b"
	"\x22\x24\x75\x7b\xe8\xe3\x8d\x51\xb7\x48\x5e\x41\xc7\x3a\x21\x8a"
	"\x0c\xe7\xa2\x6f\xf4\x62\x70\xd6\x47\x71\x8e\x04\x60\xcf\x0b\xd5"
	"\x97\x4e\x33\x22\xa1\x73\x3c\xaf\x23\xc1\x49\x12\x13\xa9\x4e\xf6"
	"\x76\xd0\x34\x9f\xa8\xc7\xe7\xcd\xfe\xc5\xc7\x2a\x9a\x2c\x28\x0b"
	"\x38\x71\x5b\xd4\xf3\x7a\x76\x8f\xb7\x3f\xd7\x47\x77\x64\x7a\x68"
	"\x04\x31\xcd\x78\xc2\x62\x0f\xe7\x9b\x5e\x0c\xf6\xd5\xee\x63\x5a"
	"\xd3\x2a\xcb\x42\x5d\xac\x53\x01\xf5\x87\x5c\xa1\xb7\x4a\x6b\x48"
	"\x3d\xfd\xb8\xac\x3e\xa8\xf5\xcb\xdf\xa3\x03\xac\x63\xb4\xde\x7e"
	"\x1e\xbd\x1c\xd6\x87\x97\xd1\xfa\xe1\x61\xf7\xba\x3d\x3c\x6e\xbf"
	"\xf6\x16\x04\x1d\x6a\x12\xc7\xbc\x2a\x94\x39\xbc\xe3\x6c\x16\x0c"
	"\x04\xb1\x0b\xc6\x2d\xf4\x5e\x71\x64\x04\x7d\x66\x1d\xae\x17\x4f"
	"\xc6\x33\xe0\x95\x25\xc9\x94\x17\x1c\xc9\x44\xeb\x17\x0a\xa2\x06"
	"\x28\xf9\x04\x29\x4a\x70\xd4\xa8\xd6\xc1\x63\x93\xd1\xeb\xba\x53"
	"\x0f\xb0\xf2\xb4\x31\xee\xae\xb9\x15\x81\x92\x39\x12\x11\x2e\x44"
	"\x2b\x6c\x13\x26\x51\xbb\x24\xf6\x8c\xf4\x86\x8b\xb8\x1a\xc9\x21"
	"\xb3\x94\x20\x7a\xf2\x12\x14\x59\x5c\xd9\x24\xe1\x13\x14\x15\x30"
	"\x86\x6f\x69\xd2\x20\x1f\xcd\x2c\x4a\xfb\x4d\xb8\xf6\xda\x69\x42"
	"\x82\xb0\x1d\x59\xd6\xb1\xa0\x05\x31\xb6\x06\x9d\xc6\x91\x56\xc9"
	"\xae\xd6\x04\x03\xb2\x38\xb3\x54\x03\x9b\x9b\x3f\x86\x2d\xfa\x4c"
	"\xec\xe6\x19\x5c\x75\xc7\x2c\xcb\x38\x12\x4d\x1b\x0b\xf9\x6c\x62"
	"\xb7\x23\x0b\x81\x99\x6a\xc1\x3b\xe3\xba\x14\x60\xe0\xcd\x6b\x49"
	"\x52\xda\xa3\x31\x39\xef\x5f\x5b\xc3\x3b\xfa\xf2\xb6\xdc\x9e\x12"
	"\x26\x46\xf2\xe1\xdb\x06\x6c\x8c\xfd\xe8\xf0\xba\x5d\xff\x05\xc6"
	"\x86\xb9\x08\xcd\x00\x14\x0e\xaf\x52\x2c\x03\xc9\x90\xa5\x19\x83"
	"\x71\xce\xcf\x3c\x7b\xef\xc1\x9b\x5c\x39\xcc\x30\x44\xb8\xf6\xa9"
	"\x34\xc7\x82\x2a\x2a\x30\xf2\x22\x92\x91\x22\x76\x18\x2d\x9e\x0a"
	"\x5e\x95\xd6\xfe\x69\xcf\x43\x33\xa4\x6d\xda\x81\xb6\x8d\xa7\xbd"
	"\xcf\x9e\x82\xef\xda\xc0\x66\xd1\x1c\xda\x87\x69\xf9\x8c\x3a\xb8"
	"\x5e\xe4\x1a\xb1\x64\x20\xc3\xa4\xbd\xb6\x28\x9b\x37\x53\xf2\x29"
	"\x7e\x0d\x30\xbb\x6f\xd9\x96\xb0\xf3\xb5\x0b\xe9\x4c\xa1\x14\xe4"
	"\x2a\x28\x8d\x25\x4b\xd4\xcc\x7b\xcf\x41\xb0\x58\x7d\xbd\x28\xcd"
	"\xb0\x25\x4b\xe4\x29\xb8\xf0\x5b\xee\x0d\x34\x85\x3b\x74\x6f\xef"
	"\x28\xf0\xa2\xa4\xb6\xec\xd0\xd6\x2c\x0c\xd2\x40\x9c\x65\x18\x1a"
	"\x09\x5d\xb0\x98\x86\xc7\x80\x8e\x8d\x84\x19\xcc\x9d\x8a\x34\xdc"
	"\x2f\x2a\x53\xef\x68\xe0\x00\xf9\x64\x03\x8f\xe7\x47\x1c\xa3\x32"
	"\xbb\xae\x33\x1a\xcf\xb5\xab\x84\x0a\x41\x81\x65\xee\x53\x1f\x60"
	"\x29\x82\x42\x8e\x6d\x7b\xbe\x42\x16\xb5\xbe\xd1\x30\x2c\x1c\xce"
	"\x80\x3d\x11\xd0\xe4\xbb\x30\xb0\x67\x76\xdf\x82\x2a\xe7\xbb\xb9"
	"\xad\xc4\xe5\x34\xd3\x8a\x86\x6d\x88\xdd\x0c\x86\xaa\x0a\xda\xa7"
	"\x45\x73\xe9\x38\x1b\x5a\x2e\x23\x5f\xa3\x7c\x98\x82\xec\x5f\x12"
	"\x61\x77\x62\x79\x09\xd7\x94\x61\x4f\x83\x80\x2e\x52\xd6\xa7\x8a"
	"\x04\xd2\xac\x82\xd5\x08\xe7\x0c\xc1\xf6\x00\x36\x06\x07\x58\xd0"
	"\x18\xfc\x37\x3f\x93\xa2\xa3\x7a\xe7\x59\x04\x5e\x28\xe0\x1b\xed"
	"\x4b\x08\xdb\x6a\xc3\x6f\x92\x03\x61\x63\xfd\xa0\x07\xd1\x92\x4a"
	"\xea\xe9\x3d\xb3\x6e\x36\x34\x44\xd0\x70\xe6\xb4\x64\xf7\x39\x71"
	"\x1a\x56\xf7\x3d\x38\xef\x7d\x5b\x01\x92\x38\xae\x79\x09\x5a\x9a"
	"\xdd\x53\x94\x0a\x9a\x3f\xb9\xc8\x41\x38\x39\x56\x48\x1f\x4d\xc2"
	"\x1f\xbe\x83\x6a\x3d\x08\xdb\x7a\x87\x7d\xd4\x62\xd3\xc1\x01\x8d"
	"\x17\xd3\x12\x6d\x5b\x13\x3b\xb0\xf4\x90\xbe\x03\xcd\x87\xd1\x8b"
	"\x16\x77\xba\xb4\x72\x38\x6e\x86\xfc\xe8\x9c\xd2\x94\x2a\xb4\xa9"
	"\xeb\xc6\x54\xf4\xcf\x13\xf7\xfb\x68\x4a\xda\x27\x8c\x93\x0b\xf7"
	"\x34\x1e\xd1\xd1\xbe\x6a\xfd\x6d\x40\x96\x77\xb9\xa7\xa5\xee\x0d"
	"\xd0\xb5\x47\x92\x67\x95\xa2\xb8\xe3\x20\x2e\x3c\x43\x1d\x51\x23"
	"\xf0\x8e\x8f\xf1\x0f\x5b\x4c\xa1\x9e\xb4\x15\xb8\xa5\x17\x68\x96"
	"\xd6\xe8\x8f\x5b\x60\xa4\x82\x76\xa4\x25\xb0\x61\xfc\x55\xef\x13"
	"\x2e\xb1\x45\xa5\xe4\x36\xbe\x64\xd3\x02\x14\x9d\xc5\xbc\x7a\x23"
	"\xec\x06\x6d\x42\xdb\x0d\x70\x9c\xf5\xc0\x66\xc7\xc6\x3f\xc1\x19"
	"\x23\xd9\x92\xdc\xc9\xda\x36\x51\xe4\xcc\x89\x4a\x10\x66\x31\x2f"
	"\x49\x16\x0c\x16\xd1\x90\x73\xd5\x15\x50\xac\x0a\xd8\x92\xc5\x51"
	"\x0c\xf0\x34\x0d\xb9\x9e\x42\x63\xa4\x89\xef\x80\x63\x56\xdf\x56"
	"\x4c\xcc\xa5\xa3\x34\x23\x22\x04\xb3\xb5\x06\x34\xd1\x24\xb1\xd5"
	"\x9f\x66\x76\xbc\x3f\xf5\xd1\x0b\xe9\x2c\x85\x78\x32\xbe\x18\xd8"
	"\x89\x4d\x28\xb3\xdc\xec\xbf\xec\xf6\xcf\xeb\xed\xc3\x66\x44\x7f"
	"\x6c\xb6\x60\x9a\x13\x30\xd2\x63\x34\xce\xc1\xef\xb0\x0c\x48\x3f"
	"\x71\xad\x1f\x0c\xd0\xa8\x74\xd8\x1c\xee\xf3\x30\x40\xd9\xeb\xde"
	"\xad\x55\x61\x8b\xe6\xac\x8a\x0c\x21\xe7\x3a\x60\x6b\x63\x4e\xe8"
	"\x2b\xc3\xfd\xa6\x7e\x1b\x7d\x14\x73\xbf\x85\x9f\x11\x9f\xab\x8f"
	"\xd4\xdd\xd1\xb8\x1f\x8d\xe0\x24\xc4\x94\xb6\x47\xeb\x76\x02\x28"
	"\xea\x74\xb4\x66\x6b\x01\x26\x06\xcf\x83\x93\xe8\x10\xd1\x8f\x06"
	"\x15\x90\x04\xa6\xa5\x0d\x54\x70\x55\x15\x23\x99\x23\xba\x14\xcd"
	"\xb5\xae\xad\x17\x60\x7f\xa6\x2c\xee\xb9\xe7\x60\x3a\xa4\x2c\x73"
	"\xec\x3a\x2d\xde\xb4\x26\x76\x0e\x6d\x6e\x02\x69\xde\xa9\xfe\x59"
	"\xe5\x65\x0d\xd3\xa5\x3e\x09\xd4\x45\xe0\x3a\xbf\x12\x39\x4f\x87"
	"\x1b\xe1\x46\xc1\x1d\x45\x75\x1a\xa3\xc3\x14\x8a\x5f\xd2\x14\xa6"
	"\xce\x90\x13\xaa\xc2\xed\xd1\x63\xe7\x79\x3f\xdc\x67\x5a\x05\x55"
	"\x5e\x80\xb6\x74\xf5\x82\x67\x9c\xcf\x7b\x40\x0c\x6e\x62\xc8\x9c"
	"\x4d\x2b\x5e\x79\xc2\xb7\x12\x16\x8d\xde\x6f\x13\x36\xf0\x84\x44"
	"\x10\x88\x12\x09\xdc\x17\x35\x88\xbc\xa2\x97\x0f\xaa\x49\xb1\xf4"
	"\xae\xd5\xa4\x43\x04\xe8\xd8\xc4\xab\x7a\x93\x13\x74\x0a\x32\xb9"
	"\x48\x4c\xb8\xbc\xd9\x8c\x9a\xd8\xc2\x50\xe3\xc5\x99\x6f\x59\x80"
	"\x77\xbc\x3c\x36\x6c\xb6\x84\x3b\x41\x89\x31\xc4\x7c\x92\x02\x87"
	"\xf5\xb5\x6b\x1b\xcb\x4c\x25\xa9\xec\x00\x70\xb7\xcd\x1d\x93\xf4"
	"\x97\x02\x4e\x9e\x09\x7b\xa6\x26\xd6\xe5\x74\x6d\x4e\x5b\x2a\x51"
	"\xc5\x4a\xfb\x18\xfd\x15\xe6\x25\xc6\xe9\x4d\xd8\x31\x00\x4b\x78"
	"\x15\x65\xfd\xfd\x5d\x12\x2d\x59\xb4\x24\x40\xab\xd1\x44\x7a\xda"
	"\xf8\xa6\x67\x05\x92\xc6\x88\x5e\xc3\x8d\x71\x5c\x9c\x50\xbb\x09"
	"\xbd\x83\x29\x52\x66\xd5\x94\xb9\x46\xa9\xd5\x1c\x62\x7a\xc0\xd0"
	"\x3b\x0a\x9c\xab\x68\x0c\x26\x71\xcf\xc0\x71\x81\x3e\x23\xbd\x8f"
	"\x53\x17\xbc\xa0\x27\xa9\xe0\x01\x57\x19\x11\x7e\xa9\x39\xc0\x86"
	"\x53\xe1\x85\xcf\xd4\x57\x33\x56\xe8\x4d\x03\x0b\xc0\x59\x77\xe6"
	"\x0d\x07\xbb\x1e\x27\xe0\x00\xdf\x12\x5b\x28\xb9\x08\x48\x1d\x90"
	"\x2c\xd7\x1d\x7a\xf4\xd7\x76\xa4\xf2\xe6\x78\x72\x46\x12\xbe\xc4"
	"\xfc\x4a\x66\x16\x68\x99\x9f\xbc\xac\x9b\xe5\xa2\xe9\xd7\x1f\x63"
	"\xd0\x33\x78\x96\x20\x47\xe8\x4a\x69\x59\x33\x77\xc4\xad\x06\x07"
	"\xc2\x54\x3d\x2c\x4f\x80\x2a\x20\xcf\x0a\x0c\x5b\xa2\xb8\x9c\x55"
	"\x53\xea\xb9\x33\x46\xbe\x00\x0c\x95\x6f\xff\xb6\x82\x8b\xd1\x6c"
	"\x50\x49\x63\xd4\x19\x96\x61\xc1\x93\x2a\xa3\xd2\x78\x2c\x59\xaa"
	"\x8d\x3c\x8f\xd4\xd2\x20\xad\xd9\xc0\xec\xf6\x0d\xed\xe4\x13\x7b"
	"\x04\x5c\x58\x97\x88\xf4\xf4\xb6\x92\x88\x21\x22\x36\xca\x64\xd2"
	"\x53\x41\xed\x84\xfd\x0e\x3e\x93\x04\x6c\x54\x2d\x54\x7d\x97\x2b"
	"\xc3\x9c\x5b\x04\xc7\x09\x2e\x5b\x62\x8d\xcf\xb3\x04\x0d\x4f\x59"
	"\xc1\xf6\x15\xc9\xb9\xe5\xba\x98\xa9\x34\x70\x12\x37\x9a\xb8\xbb"
	"\x5e\x70\xfe\x05\xb7\x74\x5d\x9a\x06\x65\x83\x9e\xf9\xa2\xc9\xcc"
	"\xd9\x0c\xeb\xb4\x1d\x49\x6b\x74\xae\xdd\x17\x92\xb5\xd9\x36\xb1"
	"\x5c\x79\xd7\x1d\x42\x6e\xad\x99\xd0\x7d\xd2\xfa\x4a\x81\xe2\x53"
	"\x56\x27\x4b\x4a\x86\x41\xfd\xee\x86\xcd\xbc\xdd\x7d\x20\x81\x49"
	"\xbb\x0a\x37\xcc\xf1\x16\x8e\x54\x31\x11\x77\x4c\x98\xc5\x7c\xf1"
	"\xc7\x5f\xeb\x97\xcd\xe7\xd1\xdf\xc6\x9a\xfd\xbe\xdf\x7d\x79\x7c"
	"\x72\x82\xca\xc7\x9e\x88\xdd\xd8\x48\xb4\x76\x3c\x02\x27\xad\x6a"
	"\x2c\x85\x19\xc5\x2b\x67\x9b\xa8\x24\xc2\x9c\x9d\x35\x51\x98\x3f"
	"\xfa\x2c\xb6\x1d\xa2\xdd\x1c\x89\x26\xf0\xcd\xb8\x77\xcd\xfa\xf7"
	"\xae\x09\x83\x65\xdc\x36\x36\x1a\x50\x55\x78\x9b\x9b\xc0\xd9\x10"
	"\xd8\xa8\x39\x47\x36\x37\x7d\xa4\x88\x8f\xd9\x3b\xd7\xa7\x1c\x60"
	"\xb2\xe9\x29\x30\x32\xbc\xe8\x59\x75\x5d\xae\x54\xb0\x1c\x26\x06"
	"\x92\x24\xa9\xe7\xe8\x36\x7a\xd8\xaa\x15\x37\x3a\x8c\x9c\x81\x85"
	"\x66\x1b\x51\x51\x13\x44\xb5\xc2\x15\x32\x96\x0c\x4e\xfb\xb6\xa2"
	"\x52\xf5\x63\x83\x18\xca\x88\xa4\x7f\xbe\x16\xbc\x97\xe4\x1b\xa0"
	"\x60\x2e\x7f\x2a\x98\xba\x3b\x89\x85\xf9\xf8\x24\x10\x53\x61\xbc"
	"\x5e\x80\x27\x9d\x53\x77\xee\xaa\x12\x11\xaf\x97\x40\x9a\x0e\xc2"
	"\x9a\x79\x02\x26\x3a\x35\x06\x8a\x08\x0e\xbc\x8c\x54\x10\x86\xbb"
	"\xcc\x4b\x92\x85\xe6\x54\xe8\x01\x68\x11\x8b\xbb\xd2\xf5\x10\xbc"
	"\xe0\x3a\x05\xce\x88\x48\x17\xc4\x2e\xd7\xfb\xc3\x23\x56\xb6\x8c"
	"\xd4\xcf\xef\x1b\xdb\x05\x44\x9f\x44\x77\x01\x67\x18\xa3\x34\x4e"
	"\x94\x95\x80\xcb\x5f\x74\x38\x7e\x71\xc4\x56\x6f\x60\x70\x99\xbe"
	"\x45\x23\x07\x81\xfb\x16\x8e\x22\x82\xbd\x81\x93\x93\xd8\x8f\xd1"
	"\xc2\x65\xc2\x65\x87\xe1\x1c\xa4\x4c\x30\x01\x33\x1f\xb8\x49\x1d"
	"\x71\x56\xc0\x52\x65\x15\x9d\x9e\x83\xe4\x60\x9f\x31\x59\xaf\xae"
	"\xaf\xde\x98\x6d\x05\xf4\x30\x9e\xf8\xc6\xb8\x59\x92\xbf\x41\x48"
	"\x4e\xdf\xda\x18\x50\x0b\xe2\xcd\x73\x92\xd5\x5b\x67\x3d\x27\x22"
	"\x27\x27\x77\x98\xa6\xcc\xbf\xbf\x58\x14\x70\x75\xfd\x06\x7d\xeb"
	"\x26\x05\x47\xd0\x72\xa5\x51\xd6\xee\x35\xc8\x6f\x31\xda\xd2\x93"
	"\x40\xc7\x72\x0f\xa9\x32\x3e\x3d\x66\xea\xb9\x4e\xe9\x60\xdd\x88"
	"\x1d\x10\x61\xdc\x04\x6c\x0b\xce\x4b\x7b\xf2\x6d\x7b\x02\x7e\x24"
	"\x4e\xd0\x57\x36\xd2\xa0\xc4\xe9\xed\x30\x82\x6c\x1a\xad\x00\x8b"
	"\x69\xc6\x61\x4e\x14\x5f\x34\x24\x6f\xde\x3d\x7c\xf9\xcf\x31\x86"
	"\x0b\x8b\xec\xcf\xc6\x52\x1c\x1d\x70\x7e\x17\xb9\x61\xcc\x16\x10"
	"\xa5\xb7\x3e\x0b\x41\x16\x13\x2b\x2c\x5a\x34\x22\x45\x96\xe0\x27"
	"\xa0\x7a\xb2\x45\xb9\x6b\x9d\x13\x05\x66\x64\x5c\x8b\x7c\x69\xc7"
	"\x51\x31\xf2\xa7\x3b\x83\x64\xe1\xcb\xc2\x76\xbb\x4c\xed\x56\x00"
	"\x68\x8e\xcc\x0f\xeb\x32\x2d\x46\xa6\x3d\xad\x0f\x18\xe7\x82\x65"
	"\x3c\x6d\x1e\x9a\xb2\x3d\xd7\x4a\x32\x46\x9c\x0c\x9b\x51\xc0\xf2"
	"\x2b\x16\x06\x93\xac\xec\x9d\xb6\x0b\x8f\xe2\xfc\xec\xfa\xfc\xf2"
	"\x24\x02\xf8\xae\xc2\x8d\x9e\xf5\x50\xa8\x80\xad\x3e\x01\x17\x71"
	"\x2e\x55\x14\xb2\xea\xe8\xea\xae\xe0\x72\x60\x4c\x66\xe4\x0e\x6c"
	"\x84\x98\x94\x27\x66\x9f\x4d\x27\xf3\x30\x74\xc6\xe4\x89\x9d\xc9"
	"\x69\xc2\x88\xa2\xf3\x53\x18\x92\x9f\x58\x56\xbe\xa0\x51\x15\x06"
	"\xdf\xc6\x81\xb0\x9b\x86\x0a\x4a\xb2\x93\x83\xc3\x8e\xcf\xc1\xb9"
	"\x2d\x4f\x9c\x3c\x25\x4a\x65\xf4\xd4\x18\x05\x95\xe4\x14\xef\x28"
	"\x2c\xa6\x59\x4d\xc6\x61\x14\xb4\x45\xc8\x09\x0a\xa5\x48\x4e\x74"
	"\x9e\x55\x45\x12\xb0\x27\x6c\x84\xb3\x30\x06\xdc\xe3\x12\xcb\x74"
	"\xc2\x18\x0b\xba\x0a\xdb\x80\x06\xa3\xca\x62\x72\xe2\x20\x57\x68"
	"\x65\x87\xc1\xf7\x27\x9c\x98\xfb\xbb\xe2\x36\x2f\x07\x61\x6c\xb9"
	"\x7e\x7e\x79\xdd\x7e\x1d\xd1\x7f\x7f\x6e\x77\x4e\xa6\x5d\xf2\xb8"
	"\x61\xf8\x4f\xd7\x81\x7d\xd7\x28\x79\x95\x81\x58\x12\x9f\xae\xcf"
	"\xc6\xfe\x3c\xe7\x91\xca\xd9\xd8\x51\x52\x0e\xa4\xa6\x0b\xf5\x66"
	"\xff\xcb\x9e\x5c\x6c\x00\xce\x85\x2c\x12\xc1\x59\xd2\x86\x7b\xd1"
	"\xe3\xe1\x5c\x0d\x96\x1d\xbd\x62\x49\xd0\xf7\xef\xbb\xfd\xc1\xb2"
	"\xcf\x6c\x85\x86\xb9\x04\x53\x22\x25\xbd\x8d\xad\xc3\xe3\x02\x07"
	"\xd9\x12\x68\xa4\x28\xbb\xa3\xca\x25\x43\x89\xab\x31\xb0\xa9\xa6"
	"\xb1\xf0\x0b\xaf\xa6\x03\x18\x9f\x7f\x52\x6f\x15\x8d\x46\x90\x65"
	"\xde\x27\x89\x6d\xc1\x1c\xb4\x85\x30\x08\xcd\x1f\x61\x25\x5f\x82"
	"\x70\x03\x0f\x2f\x3c\xb1\x23\x1a\x2a\xaa\x5f\x42\xee\x12\x95\x81"
	"\x69\xd5\x65\x4e\x07\xdb\x93\x94\xe1\xdd\xa9\x4b\x95\x07\x32\x42"
	"\x3a\x6e\xe1\x2d\xeb\x45\x68\x2e\xd9\xa0\xc1\x2d\x9b\xb3\xc7\x19"
	"\xee\xa5\x03\x45\x59\x99\x21\xc7\xea\xd2\x8d\x41\xc1\xa7\x83\x2b"
	"\x55\x15\x05\x81\x8c\x2f\x82\xb0\x52\xb0\x30\x8c\x48\xe6\x17\x73"
	"\x33\xae\x30\xc6\x8a\x58\x83\xdb\x90\x6c\x5e\x1e\xbf\x6e\x97\xeb"
	"\xfd\x66\x84\xe0\x78\x07\x7f\x48\xcf\xed\x80\x23\x58\xba\x5c\x0c"
	"\x0d\xba\x6e\x75\x78\x56\xcb\xba\x04\xb9\x10\x38\x92\xa3\x22\x3d"
	"\xa6\x8a\xf1\xdb\xf4\xd4\x55\xd1\x03\x7a\x4d\xad\x34\xc3\x72\x88"
	"\x3b\x2c\x2d\x0a\x6e\x41\x50\x97\x6a\x3a\x73\x26\x5c\x03\xc0\x98"
	"\x37\xb0\xea\x6f\xbb\x97\xc3\xe8\x61\xb7\x3d\xec\x77\x4f\x58\x7d"
	"\xf4\x79\xff\xf8\xc3\x18\xac\x2e\x79\x58\x6d\x7b\xf7\x83\x73\x08"
	"\xcb\xe9\x23\x89\x46\xa1\xc0\x5d\xc8\x7f\x0d\x91\xc6\x24\xf7\x4e"
	"\x9c\x6e\x3f\x7f\xdf\x3d\x6e\x0f\xfd\x99\xd2\x22\xd1\xb9\x0b\x6f"
	"\xa7\x97\x7f\x1e\x0f\x0f\xdf\x7e\x61\xbd\x72\x89\x85\xeb\x2a\x9e"
	"\x29\x1a\x87\x92\xa0\xe9\x66\x7d\x78\xdd\x6b\x57\x57\x37\x83\xe7"
	"\x32\xda\xec\xf7\xeb\xc3\x7a\xf4\xcf\x6e\xff\xf7\x7a\xbf\x7b\xdd"
	"\x7e\x7e\x19\xfd\x78\x5c\x8f\x0e\xdf\x36\xa3\xf5\xd3\x01\xfa\xad"
	"\x0f\x30\xde\xcb\xe8\xcb\x7e\xfd\xbc\x41\xac\xde\x3b\x90\x9a\x0a"
	"\x50\xf9\x55\x5e\x5f\x9f\x5d\x9d\x4f\x3e\xf5\x9f\x76\x74\xd0\x8f"
	"\x27\xa1\x17\xe3\xab\x30\x74\xf2\xe9\xe2\xe3\x59\x10\x7a\x7e\x36"
	"\xfe\x78\x19\x84\x5e\x5c\x7e\x9c\xb8\x9a\xa7\x07\x3f\xbf\x98\x7c"
	"\xf2\x1a\x92\x36\xda\x64\x7c\x76\xf1\x71\x72\x1d\x1a\x65\x32\xb9"
	"\xbe\xbe\xfe\x78\x1e\x04\x7f\xbc\x38\x1b\x7f\xba\x76\x02\xa7\x64"
	"\xc1\x00\xd2\x62\x9c\x9d\x9d\x7f\xf4\x9b\xcc\x7d\xc4\xf3\xc9\xe5"
	"\xc5\x2f\x21\x7e\xbc\xb8\xbc\xfa\x15\xc4\xf3\xf1\x64\xe2\x1f\x1a"
	"\xed\x4d\x8c\x9a\xcc\xb9\xb0\x36\x62\x7c\xfe\xdf\x20\x7f\x0a\x23"
	"\xdf\x26\x29\x1c\xfb\xf8\x88\x3d\x1e\x5f\x5d\x7a\x0e\xc2\x47\x98"
	"\x4e\xc6\x17\x93\xfe\x6e\x5f\xcc\x75\xaa\x4d\x0e\x0f\x7b\x72\xd5"
	"\x80\x02\x66\x17\xe2\x5c\x5d\x78\x70\x1c\x8c\x05\x31\x4f\x7f\xce"
	"\x3d\xec\xd4\xc2\x2e\xae\xdf\xea\x7e\x73\xfe\xc9\x0d\x9f\x47\x28"
	"\x57\x0b\xf0\x1c\x8a\x60\x55\x56\x1e\x0f\x6b\xb9\x64\xee\x13\xda"
	"\x85\xd0\x05\x75\x37\x5d\x06\xa2\x51\x27\xd0\xea\x54\x3c\x57\xfe"
	"\x87\x37\x1c\x43\x97\xe0\x68\xde\xf7\x92\x46\x6d\x59\x2d\x26\x93"
	"\xfc\x62\xb0\x41\xc0\x30\x61\xa1\x88\xf0\x55\x67\x35\x38\x76\x26"
	"\xdf\x74\xd2\x91\xf0\x5e\x11\x37\xf0\x8e\x6f\x82\xf7\xf5\xd9\xe5"
	"\xb8\x87\x7a\x3e\xf6\x9b\xbd\x86\x8a\x9f\xcc\x0d\x90\x71\x37\x79"
	"\x26\xb0\x2e\x3b\xe4\xd1\x37\xf5\x1f\xc0\x20\xda\x72\xf0\x44\xec"
	"\xcd\xde\x99\xc4\x77\xaf\xe2\xad\x71\x6c\x30\x14\x0a\xf0\xc6\xea"
	"\x08\x82\x3b\x2b\xcf\xf5\xcd\x32\x1a\xb7\x89\xf5\x7e\x49\x5d\x97"
	"\x5f\x29\xd3\x02\x5f\x98\x31\xbb\x66\x66\xd9\x2b\x6a\xe9\xa2\x4f"
	"\xdd\xfa\x30\xb1\xa6\xb2\x28\x95\xbe\x84\xb3\xce\xba\x95\x79\x82"
	"\xb9\x43\xe1\x4b\xf9\xc7\x04\xb6\xb0\x36\xd1\x11\x27\x7d\x76\x72"
	"\xd6\xdd\x92\xc1\xc4\xac\x88\x0f\xd2\x4f\xf3\x19\x3a\xa5\x7e\x95"
	"\xa1\x7c\x94\xe8\x4a\x09\x6a\xc7\xa9\x3b\xd0\x02\xfe\xc9\x8f\xf5"
	"\xba\x27\x30\xac\x05\x16\xf8\x82\x0b\xee\xc3\x3c\xba\x53\x20\x59"
	"\xc6\x5d\x26\x8d\x92\x02\xcc\x9b\x65\x00\xe2\xeb\xd3\xae\xa0\x97"
	"\x04\x28\x78\x1d\x81\xeb\xe3\x2c\xb6\x59\x27\xc3\xb8\x69\x3f\x68"
	"\xa8\xc9\x34\x3d\xcc\xfb\xaa\x02\xb6\xd5\x27\x3b\xca\x8c\x29\xb0"
	"\xb7\x4d\x6c\x10\xa5\xc2\x85\x93\xd6\x8b\xdd\xa0\xb9\xe7\x21\x8c"
	"\xef\x15\x67\x17\xf7\x94\xf9\x89\x38\x9d\xde\x69\xdc\x05\xec\x7e"
	"\x73\x31\xfe\x74\xe5\xbf\x57\xcd\x4a\x53\xc2\xb2\x4a\x38\x22\xc7"
	"\x85\x04\xf2\x31\xc3\xac\x71\xd8\xb3\x46\x56\xc6\x3c\x7c\xa9\xab"
	"\xb1\xbd\xe9\x51\x38\x3a\xcd\xca\xce\x0b\x2b\xc1\xa1\x5f\xa0\x47"
	"\xee\x16\x04\xe7\x24\xe8\xc4\x21\x0c\x66\x4a\xe4\xcd\x47\xeb\x0d"
	"\x64\xc9\xb9\x3f\xc0\x7d\x1f\x55\xbe\x64\xcc\xbd\xcc\x7b\xf2\xa7"
	"\x7d\x52\x98\xeb\x02\x73\xa7\xb2\xac\x45\xd6\x2f\x21\x3d\xc4\xda"
	"\x54\xa0\x7e\xab\x08\x96\x3b\x5c\x1c\x27\xb1\x5e\x3a\x8b\x33\x95"
	"\x41\x58\x2f\xdf\x16\x04\x78\x48\xa6\x02\x5f\x1b\x2e\x06\xa5\x1f"
	"\xa6\x00\x53\x4f\xc4\xa7\x60\x33\xa2\x2b\xcf\x98\x50\x77\xf8\x14"
	"\x21\x75\x8a\xf1\xc9\xaa\x81\x60\xcd\x92\x9c\x35\x4a\xfe\xec\xf2"
	"\xaa\x7b\x33\xcb\x8a\x18\xb7\x16\x77\x61\xc5\xf2\xaa\x57\x6f\xdf"
	"\xb2\x26\x13\x28\x8b\xe0\x9f\x8c\xb0\xbc\xd6\xf9\x51\x4d\xab\xe6"
	"\x45\x76\x67\x67\x37\xf1\xdd\x00\x35\x97\x5f\x63\x35\x5d\xec\x37"
	"\xcc\x98\xaa\xa7\x24\x21\x02\x54\x57\x32\x78\xae\x28\x22\xe6\x16"
	"\xac\xe9\x4a\xa7\x8e\x8c\x09\xe9\x80\xa1\x9e\x6f\x9e\x77\xfb\x9f"
	"\xa3\x7c\xbd\x5d\x7f\xdd\x3c\x6f\xb6\x87\x11\xff\x8e\x51\x5b\x2b"
	"\xfe\x0e\x68\x30\xde\xa0\x72\xc7\xd9\x5d\x22\x08\x96\x63\xf8\x35"
	"\x73\x03\xfc\xa5\x77\x42\x73\xba\xa2\x7e\x77\x29\x16\x04\xf6\x1e"
	"\x0b\xa5\xbc\xe0\x15\xf5\x99\x2f\x26\x95\x8b\x27\x88\x06\x05\x17"
	"\xe0\x1f\x59\xaf\xab\xab\x02\xb7\xb1\x49\xae\x13\x55\xd3\x6c\xec"
	"\x3e\xc2\xa3\x45\x1d\xc1\x15\xd7\x8f\x5f\x69\xc2\x1a\xa6\x72\xac"
	"\x2a\x29\x23\x3b\x49\xcc\x14\x9b\xe2\x6b\x63\x2c\x03\x01\x45\xd0"
	"\x76\x6f\xfc\xd1\x7e\x67\x45\xa6\x53\xac\xca\x43\x09\x47\x22\xe6"
	"\x80\x17\xd7\x56\x11\xba\xfd\x38\xb8\x6c\x42\x69\x8e\xa4\x8c\xcb"
	"\xc9\x65\xdd\xd4\xaf\xfa\xe0\x92\x2a\xb0\xf1\x7c\x90\x66\x19\xcb"
	"\x5a\xa9\x48\x8c\xe1\xb4\x8a\xe3\x93\x32\xe3\xf3\x8d\xd2\xa7\xdd"
	"\x3f\xa3\x72\xbf\x3b\x0c\x03\xfa\x62\x5e\xd6\x71\xea\x3f\x91\x06"
	"\x56\xff\xc9\xcb\x61\x38\x11\x46\xfd\x71\xfd\x7e\x32\x5a\xef\x1f"
	"\xbe\x3d\x22\xe1\x57\x7c\x91\xfb\xa5\xf3\x0f\x7b\xf6\x2d\xd8\x10"
	"\x24\x4d\xa2\x3c\x68\xdd\x9a\x79\xf7\x7a\x65\x70\x23\x4d\x2a\xe4"
	"\x94\xe5\xbd\x98\xd1\xc0\xfc\xce\xc2\xf3\x73\x28\x54\x84\x0f\x07"
	"\x2f\x73\x1a\x9e\x6e\x9b\xed\xd7\x16\x89\x11\x3f\xfd\x23\x69\x50"
	"\xca\xcc\xb6\x99\x04\xc5\x92\x3d\xe5\x1a\x10\xc7\xb2\x21\x5d\x18"
	"\xe1\x6b\x6f\x2b\x40\xe8\x54\x27\xa2\x4d\xc9\x87\x09\x70\xee\x60"
	"\x7a\xbb\xfe\x9d\x6f\x72\x7e\xce\x43\x67\x9a\xfa\xc3\x25\xe6\x4d"
	"\x99\x99\x33\x08\x3d\x60\x33\x4c\x83\xa9\xa8\x66\x79\x48\x1d\x56"
	"\xb3\xc1\x86\x57\x2f\x9b\xfd\xcb\xf7\xf5\xc3\x66\xf4\xd7\xe3\x76"
	"\x0d\x22\x49\x57\x4b\x1f\xac\x39\x61\x5d\x48\x8e\x97\x34\x1d\x94"
	"\x07\xf9\x40\xf0\xd1\xd4\xc6\x5b\x15\xcc\x98\xd7\xc5\x92\xca\xd6"
	"\x4a\xc0\xa2\xab\xe6\x4d\x9b\x2f\xab\x69\xc8\xca\x58\xb0\x52\x0d"
	"\x4c\x20\xc2\xab\x40\xed\x80\xe9\x96\x33\xe9\xab\xcf\xc6\x49\xb8"
	"\xe5\x9e\xfd\xb4\x69\xfb\x54\xfb\xd8\x6e\x82\x31\xbb\x7f\x36\xfb"
	"\xd1\x73\x27\xa8\x07\x87\xd6\x54\x4f\x59\x84\x4c\x83\x95\xa3\xb3"
	"\xd2\xca\x06\x24\xe7\x0c\xcc\x91\xbb\xc2\x2f\x73\x67\x2c\x02\xe1"
	"\x48\x02\x49\xdf\x12\xd4\x5c\x46\xa9\xb5\x92\xb6\xa5\xf9\x3d\x83"
	"\x4e\x05\xe4\x3a\xc4\xa9\x61\x7e\x42\x4b\x32\xa7\xfa\x71\xb0\x43"
	"\xec\xd8\xda\x28\xb8\xb1\x43\xb2\x83\x4e\x63\x2f\xd5\xde\x14\x82"
	"\xe1\xed\xbc\x06\x11\xe5\x0c\xec\x54\x00\xc3\xf7\xb1\x68\xe9\x18"
	"\xe8\x3f\x12\x5e\xde\x36\x31\xed\xae\x06\x2d\x5c\xf3\x35\x24\xe5"
	"\xd9\xc2\x3e\x06\x4f\x9d\x77\x6c\x66\x61\x47\x05\xa7\x48\xb3\x39"
	"\x3d\xaf\xa8\x3b\x3a\x7c\xcf\x22\x99\xc7\xe3\x6b\x78\xc0\x02\xb7"
	"\x4f\x89\x1b\x6e\xeb\xcc\x82\x36\x62\x87\x30\xf6\xf9\x69\x63\x89"
	"\x0a\x98\x51\xf3\x9e\xb9\xd7\x62\x5e\xee\x94\xf8\x84\x5c\xb0\x85"
	"\x79\x89\xe0\x44\x1e\x34\xd2\x94\x2f\x40\xfe\x25\xbd\xa4\x9a\x0f"
	"\x2b\xa7\x85\xf5\x00\x36\x51\x06\xa2\x7f\x65\xe3\xf8\x0c\x1a\x23"
	"\x8a\xed\x1c\x47\xc9\x30\x52\x09\x70\x24\xca\x7a\x3f\x59\xe0\x46"
	"\xcd\x4c\x90\xb9\x41\x1b\x64\x71\xf1\x6d\xad\xec\x66\x06\xe6\x4c"
	"\xe9\x7b\x1f\x8c\xb3\x48\xf7\x9b\xff\xbc\x6e\xb6\x0f\x3f\x47\x2f"
	"\x0f\x6b\xb7\x5c\x0e\xfb\xc3\xbd\xbc\x75\xb7\x0d\x5b\xf4\x5a\x89"
	"\x52\xa2\x36\xef\x12\xfb\x60\x5c\xb0\xa7\x19\xad\xab\xc1\x0e\x6b"
	"\x48\x2b\xec\x90\x6e\x20\xa3\xf2\x46\xa7\x93\xa9\x1d\x6f\x17\xac"
	"\x6d\xd7\xaf\x0e\x7f\xbd\x0b\x07\xc5\x01\x13\x4b\x7e\xbd\x07\xc0"
	"\x60\x98\x85\x7e\x32\x15\x60\x9e\x41\x1f\x1d\x6b\xc1\xe7\xbc\x81"
	"\x8d\x77\xdf\xc6\x79\x31\xda\xdd\x08\xc0\x8f\x4b\xf7\x1e\xc6\xaf"
	"\xaf\xf4\xbf\x59\x61\x60\x65\x08\x5b\x10\xd1\xbe\xaa\x3c\xf2\xe5"
	"\x97\x3e\x5f\xfa\x82\xfa\x80\x68\x76\x4f\x85\xe6\x69\xc0\x55\x9e"
	"\xdf\x85\xac\x2b\x1d\x5c\xcc\x18\x26\xf5\xdb\x0e\x41\xd4\x39\x13"
	"\xf3\x25\xe7\x89\x0f\xd1\x42\x6b\x6e\x27\x89\x73\xd7\x62\x6a\x01"
	"\x55\xea\x04\x2b\x6f\xb9\x60\xb7\x3e\x92\x46\xa9\xfe\x81\xbf\x92"
	"\xb0\x41\x2b\xe8\xe5\x30\x92\xbb\xa7\xd7\x56\xa7\x76\x66\x4f\x93"
	"\x72\xd2\x72\xa6\xfd\x39\x00\x5f\x91\x95\x83\x37\x23\xa9\xa3\x7e"
	"\x86\xd0\x5a\xf9\xb3\x7a\x2e\xa6\xfe\x75\x9f\x78\x46\x8a\xa9\x57"
	"\x3e\x16\x54\xb9\x2f\x71\xc1\xaf\x12\x8e\xd3\x89\x8d\xb4\x6d\xd3"
	"\xeb\x2a\x36\x07\x4c\xa3\xe0\xa9\x0f\x4c\x08\x60\xdb\xb9\xfb\x18"
	"\xda\xb4\xc0\xba\x89\x4f\x75\x62\xb5\x9c\x53\xa1\xb4\x02\x36\x74"
	"\x16\xae\xdb\xfa\xbd\xbb\x00\x4a\xe6\xb3\xbb\x56\xa9\xb0\x54\x1c"
	"\x7e\xe9\x5f\x93\xea\x35\x35\x4f\x42\xed\x26\xfd\xa3\x51\x69\xef"
	"\xea\x69\x88\xac\x22\x7c\x55\xc4\x62\x3f\xab\x6a\x1c\x13\x80\xa2"
	"\x81\x09\x69\xb9\x0b\x6e\x1c\xf8\x12\xfd\x51\xcb\xc6\x1f\xb6\xb6"
	"\x7c\x4e\x9d\xdf\x9a\x6a\x9a\x7c\x43\x74\x73\x48\x4a\xfd\xda\x9b"
	"\x7a\x23\x14\xcc\x39\x6a\x30\xda\xb4\x72\x75\x7f\xe7\x04\x5a\xdb"
	"\x82\xd1\x5a\x80\x75\xda\xab\x35\xc3\xc7\x36\x11\xd6\x10\xd3\x60"
	"\x1c\xa4\xa5\x8b\x4a\x5b\x3b\x19\xb2\x47\x41\x93\x6d\x70\x48\xe0"
	"\x91\xff\x11\x0d\x74\x7e\xc4\x25\xf5\x8f\x53\x16\xa5\x33\x73\xf8"
	"\xae\x93\x59\x3c\x6c\xc4\x50\xe3\xb0\x55\x10\x51\xf6\x77\x98\x95"
	"\xac\xf4\x5f\x12\x00\x4d\xd1\xf6\x07\xff\x77\xd5\xbb\x30\x25\x4a"
	"\xc7\x82\x66\x43\x62\xd3\x40\xd4\x0f\x37\x49\x2f\xd0\x5f\xeb\xf2"
	"\xff\x94\x5d\x5b\x73\xe3\xb6\x92\xfe\x2b\xaa\x79\x4a\xaa\xce\x6e"
	"\xac\x8b\x35\xd2\xa9\xca\x03\x04\x92\x12\x62\x82\xa4\x09\x52\x92"
	"\xfd\xc2\x72\x66\x9c\xc4\xb5\x73\x2b\x5f\xce\xc9\xee\xaf\xdf\x6e"
	"\x80\x14\x09\x10\x0d\xfa\xa4\x2a\x89\x85\x6e\x5c\x89\x4b\x77\xa3"
	"\xf1\xf5\x5d\x06\xdb\x76\x7e\x23\xbc\x37\x39\xa6\xe4\x63\x25\xec"
	"\x56\xd4\x11\xd5\x8c\x24\xf7\x3b\x64\xb5\xb4\xbe\xfd\x7e\x0d\x17"
	"\xa7\x4d\xc3\x0e\xc4\x84\x6a\x62\x65\xbb\x54\xb6\x69\xf8\xac\x16"
	"\xbd\xdf\xe9\x22\xcd\x9c\xa7\x8a\x35\x16\x41\x7c\xd5\x5d\x97\xbb"
	"\xa6\x35\xbb\xac\x9d\x22\xf4\xda\x31\x6d\x27\xcb\xe9\x86\x64\x94"
	"\x4f\xef\x8b\xc6\xfc\x6a\x83\xdd\x39\x1c\xa3\x31\x75\x18\x76\x71"
	"\x5c\x51\xb5\xe3\xae\xe5\x94\x5c\xf1\xc2\x97\x8c\x9f\xaf\x4d\xb6"
	"\x2b\x2a\xd9\x89\xda\x3a\x2f\x55\xc0\xac\xc4\x27\x61\xd6\x7e\x81"
	"\xf5\xc0\x9f\xfb\xcb\x7a\xf6\x3d\x17\xeb\x78\x78\xbd\x1b\xba\x17"
	"\x75\xd2\x4e\x47\xff\xf5\xc3\xa7\xb7\xdf\x9f\x3e\x7d\xb0\x4b\x97"
	"\xd1\xb5\xf3\x12\xe1\x32\xbb\x8f\xeb\xe1\x6a\x3b\xae\xdb\xbd\x04"
	"\x6d\x60\x89\x8f\xd2\xd8\x0f\x36\x34\xc1\x00\x09\xe0\x6e\xd9\x44"
	"\x2c\xb2\x87\x6b\x0d\x13\xd2\x4d\xf1\x4c\xc4\x35\x35\x13\x2d\x1e"
	"\x77\xf3\xd5\xb5\x4b\x51\xac\xed\x8d\x0b\x12\x45\xca\xc8\x52\x06"
	"\x73\xd1\x6d\x99\x3f\x75\x72\x12\xae\x7d\xb3\x90\xa0\xe3\x24\x1c"
	"\xf7\xbe\xa7\xeb\x51\x6e\xa1\x19\x28\x65\x5c\x77\xd1\xda\x57\x74"
	"\x8a\xb2\xef\x4c\xba\xb4\x66\x5d\x46\x54\x21\x19\xc8\x38\x5c\xdf"
	"\xe9\x54\x77\x45\xec\x94\xe7\x59\x50\x98\x4c\x6f\x95\x40\xa4\xb6"
	"\xb0\x8e\x18\xd8\x04\xf4\xc7\x0c\x1d\x48\xd8\x9d\x7a\x87\x6f\x5d"
	"\x14\x5d\x47\x60\xb7\x36\x25\xc4\xfb\x75\x93\x9e\xc6\xcd\xf0\xb0"
	"\x1d\x24\xe3\xd4\x86\x4c\xbd\xe6\x06\x12\x82\x17\xa2\xe5\x5c\xb2"
	"\xf2\xc6\xdd\xe2\x8b\xaa\xc0\x47\x97\xa0\x84\x27\x77\x54\xd1\x3a"
	"\x7f\x71\xb8\x33\x6a\x5e\xc5\x64\xe1\xbf\xff\x00\x56\xf7\x45\xed"
	"\x25\x69\xf8\x9a\xa4\x35\xf0\x3e\x3f\xa2\x38\xf8\xc7\x13\x3a\xda"
	"\x50\x68\xab\x7d\x7e\x9f\x70\xd9\x92\xb0\xf7\x22\x73\xbb\x66\x13"
	"\x29\x64\xaf\x31\xa3\xc6\x22\x0c\x54\xd3\x98\x57\x03\x1d\x19\x51"
	"\x30\xb2\x4c\xdf\x0a\x59\xa9\x1a\x84\x6a\x04\xd0\xd6\x12\xa0\xa8"
	"\x28\x3e\xfa\x9a\x33\x28\xae\x69\xbf\x97\x8f\xe4\xfb\x9a\x43\x3a"
	"\xde\x38\xa8\xa9\xf2\xf1\x6a\x66\x78\xe7\x6d\x11\xc7\x28\x10\x16"
	"\x19\xa7\x02\x65\x83\x1c\x31\xea\x39\x33\xd5\x1a\x3d\x81\x9d\xd6"
	"\x54\xfa\x2d\x6f\xde\x44\x7c\x28\x9b\x0d\x29\xfb\xe1\x95\xfc\x90"
	"\xa0\x78\x45\x64\x81\x03\x33\x15\x55\x4c\xf4\x9b\xa1\x72\xcc\x08"
	"\x62\xe2\x96\x79\xa1\x1c\x96\x8b\x25\x41\x12\x25\x27\x28\x1e\xb8"
	"\x40\x8b\x0e\xd3\x64\x27\x72\xe5\xc0\x23\xd9\x13\x21\x9b\x1e\xd9"
	"\xa2\x20\x9b\xad\x98\xed\xea\x62\x13\xc5\x64\xd1\x95\x35\x22\x7a"
	"\x79\x24\x79\x89\x0f\x6c\xdd\xb1\xf7\x2d\xd2\x21\x21\x3c\xa3\x46"
	"\x8b\x70\x9f\xd6\xa0\x9b\x56\xfe\xf6\x65\xcc\x1e\x51\xf8\xad\x2d"
	"\x67\x71\x34\x4a\x26\xe6\x57\x4f\xf2\xcd\x96\x9e\x3a\x9a\x65\x48"
	"\xf2\x4c\x21\x4c\x4e\x3c\xac\x66\x6e\x0c\x47\x04\x53\xc9\x81\x47"
	"\x62\xe5\x2b\x07\x6f\x08\xf1\x82\xd7\x29\xcc\x9c\x5a\xc1\x6d\xef"
	"\x7c\x39\xd9\xf4\xb6\x7c\x7e\xd5\x68\x76\xb3\x4f\xdf\xbf\xfe\xfe"
	"\xf4\xed\xf1\xf3\xac\xc5\xd2\xf5\x6d\xc9\xe7\xca\xdd\xa2\x86\x24"
	"\x9c\x24\x2d\xd9\x2a\xf9\xf5\xe1\xf9\xcf\xc7\x57\xcb\xcc\x61\xe5"
	"\xab\xf0\x3e\xaa\x32\x60\xaa\x13\x93\xa1\xe7\xd6\x68\x64\xaa\x96"
	"\x13\x5d\xbd\xb0\xb7\x27\x1e\xd1\xf4\x8e\xab\xef\xc1\x04\x57\xbf"
	"\x1d\x87\x18\x2b\xff\x09\xd5\x73\x44\x8a\x17\xef\xee\xf2\x21\x7d"
	"\x3f\x2b\x36\xee\x9d\x43\x83\x76\x65\x0d\xba\x34\xd5\xd8\xd4\xab"
	"\x18\x78\x39\xad\x03\xd3\xc3\x10\x18\x3b\x7b\x29\x7b\xf2\x66\x88"
	"\xc5\x55\x4c\xf0\x24\x93\x4d\xc8\x92\xee\xdc\x0f\x76\x3a\xcb\xf5"
	"\xbe\xf7\xee\x91\x47\x83\x8b\x1f\x9b\xd9\xcb\xed\x5b\xc5\x1e\x3e"
	"\x28\xf3\x9d\x25\x22\x8a\xce\x79\x62\x9a\x3b\xf0\x68\x3e\x96\x77"
	"\xcd\x6f\xd0\xec\xa4\x0d\xbc\x47\x70\x81\x36\x81\xe0\x00\xe3\x8b"
	"\xf9\x6e\x8b\xf8\xfa\xf0\xfa\xe9\xaf\x47\x7a\x8b\x90\x88\xbb\xac"
	"\x3d\x17\x50\x4b\x98\x1a\x0a\xc3\xed\x20\x1f\x7a\x38\xc6\x60\x94"
	"\x41\xee\xb4\x56\x15\x65\x17\x1d\x31\x83\x20\x68\xf9\xec\x79\x79"
	"\xb2\xcc\x38\xcd\x4d\x71\x39\x98\x3c\x14\x97\x7d\x31\x47\x70\x05"
	"\x3e\x6b\xcf\xd4\x49\xb7\xc1\xf1\x28\xea\xf7\x0e\x1d\x9e\xb6\xef"
	"\xe6\x8d\x8f\xff\xd1\x67\x71\xb7\x50\x9a\x33\xe6\xd9\x44\x97\x62"
	"\xf5\xce\xa2\x10\x91\x64\x7a\xb8\x5d\x0c\x7d\x1f\x4b\x3a\xd1\x24"
	"\xd2\xf4\xe5\xe5\x2d\xd1\x74\x1f\xac\x30\x5d\x54\x45\x98\xc1\x09"
	"\x16\xe0\x63\x99\xec\x39\xa8\xad\x13\xf4\x72\x6a\x7a\x19\x45\x3c"
	"\x2f\xab\xf7\x4e\x84\x2c\x71\x35\xbe\x10\x77\xae\x92\xf7\x0d\xaa"
	"\xf3\x02\xd9\xc3\x61\x2c\xfd\x61\x96\x9b\xca\x36\x6f\x78\x78\x6e"
	"\xeb\x7c\x88\x51\x4e\x71\x2c\xde\xc1\xd2\x1e\xc0\xa1\xfe\x7b\xce"
	"\xa9\x20\x7b\xcc\x52\xf9\x7e\x66\x1e\x67\xd5\xfb\x86\xd7\x91\xa7"
	"\x3d\x0c\x79\x7b\x49\x14\x60\x71\x43\x5f\x78\x39\xb4\x7d\x70\x82"
	"\xab\x74\x7c\x4a\x3d\x4c\xe6\xd0\x7b\x5f\xe7\x50\xac\x0a\xd6\x58"
	"\x2f\x17\xce\x95\x87\x8a\x2b\xea\x1a\xe0\xa8\x46\xe7\xa7\x28\xfe"
	"\xf9\x0e\x93\x4a\x82\x56\xda\x92\x69\xc3\xd2\x8a\xd2\x59\x5d\x92"
	"\x19\xf7\x2e\x7d\xa8\x63\x44\x75\xa1\x93\x29\x53\x00\xda\x3b\x58"
	"\x49\x28\x34\x48\x1c\xd5\x55\xc6\xf8\x80\x74\x9c\xae\x15\x26\x5f"
	"\xa2\x64\x0a\xa4\xb7\x92\x45\xb1\x9f\xee\x37\x15\x68\x4a\xe1\x51"
	"\xa6\x6c\x5d\x1e\x86\x1a\xd2\x45\x71\xd1\x93\xac\xf4\x56\x14\x39"
	"\xf8\xd3\x9d\x33\x66\x48\x2a\x0b\xf3\xf5\xfd\x17\x54\x17\xb6\x6a"
	"\x88\x76\x6b\x08\xae\x8d\xcd\xa4\x5e\x44\xc8\xdf\x1c\x01\xd2\x22"
	"\xab\xbb\x4c\x4b\x84\x64\xad\x96\xbc\x6d\x65\xed\x07\x99\x60\x70"
	"\x25\x71\xa7\x5d\x17\xd1\xd6\xe9\x65\xb6\xb7\xfd\x5c\xac\x6c\xad"
	"\x94\x45\xbc\xdb\xb7\x58\x61\xac\xa7\x99\x60\x38\xc9\xae\x97\xec"
	"\xe4\xb6\x0e\xe4\xde\x1a\xb1\x83\xdc\x74\x98\xcf\xfe\xe9\xc0\xba"
	"\xcf\xea\x21\xf4\x7d\x6d\x17\xeb\xbf\xd6\xff\xe9\x72\x5d\xd3\xcb"
	"\x75\x4d\x2c\xd7\xb5\x7f\xb9\xae\xfd\xeb\xb1\x5f\x7a\xeb\x91\x35"
	"\xd3\x53\x58\xbb\x22\xd7\xde\x31\x5d\x3b\xeb\x66\xf0\x45\xd6\xc3"
	"\xa5\x43\x7c\xb5\x01\x4f\x5c\x8b\xf5\x6a\x9a\x0d\x47\x69\x9a\x0b"
	"\xb5\x8f\x69\xae\x43\x3a\xcd\x83\x3d\x37\x0e\x9c\xd3\xbc\xf2\x40"
	"\x8f\x91\xbd\x21\x90\x23\x55\x56\xa1\x6a\xbc\x56\x01\x9b\x65\x3c"
	"\x33\xd7\x13\x3b\xc7\xfa\xbd\x5b\xc7\xda\x5a\xcb\x76\xb2\x59\x57"
	"\x6e\xa9\xdd\xd2\x0a\xf5\x29\x63\x84\x93\xab\x67\xef\x1c\xae\x77"
	"\x52\xc1\xc0\x13\x15\x24\x0c\xbf\xcb\x38\x81\xf9\x0f\x62\x27\x01"
	"\xd6\xe2\x7d\xcc\xdf\x4a\xd4\x3d\x58\x13\xfc\x6e\x8e\xfe\x67\xa3"
	"\xbb\x52\x44\xfb\x98\x82\x0c\xd4\x77\xb4\x8a\xb9\x37\x36\x90\xe4"
	"\x2d\xec\x98\xb2\xac\xd9\x5c\x2d\xe6\x7e\x2f\xa7\x34\xe5\x0b\x62"
	"\x4c\xce\x14\xbc\x56\xea\x37\x74\x9c\x17\xfe\x27\xb3\x29\x2b\x08"
	"\xb0\x80\x43\x9e\x11\x82\xcc\x3a\xcd\x4f\x05\x81\x26\x22\xe2\x38"
	"\xc6\x0e\xd9\x6f\x7e\x07\x43\xd1\x05\x81\xd0\xfb\xe9\xed\xdb\xe3"
	"\xdb\xe3\xd3\xb7\x3f\x7f\x69\x71\x9c\x2c\x8f\xc7\x96\xbb\x39\x54"
	"\x3b\x77\x3c\x75\x72\xe2\x75\x97\xee\xc8\x45\x29\x72\x5f\x36\xad"
	"\x94\xdc\x92\x2e\x12\x4a\x0b\xbf\x51\x90\xae\x92\xdd\x04\x3d\x5c"
	"\x7e\x15\xdf\xa6\x61\x86\x5d\x12\xa4\xef\x4b\xca\x8e\xa7\xc9\xf0"
	"\xff\x58\xfa\xfa\x1e\x95\x65\xb0\x5c\x79\x8b\xa3\x16\x64\xe1\x87"
	"\xfc\x26\x0e\x72\xdc\x4e\xf4\x9e\xe3\x0b\x86\x20\x47\x72\xfb\x2e"
	"\xa6\x20\xf9\x70\x08\x0f\x61\x21\xe2\xc0\x08\xf6\x17\x97\xe3\x8c"
	"\x29\x01\xd3\x71\x19\xe4\xb1\x33\xb7\x31\x8a\x7d\x79\x78\x79\x79"
	"\xfa\xe3\xe9\xd3\xf8\xba\x14\x44\x26\xc7\x03\x0f\x12\xf0\x6d\x86"
	"\xe0\x6e\x13\x90\xa0\x6f\xa7\x57\x64\x23\x90\x25\x39\x11\xbd\x43"
	"\xa2\xa3\xb2\xb4\x49\xa3\x28\x24\x23\x06\xd7\x22\x3d\xae\x15\x36"
	"\x86\x20\x03\x19\x3b\xe6\xd2\xe7\x91\xc5\xef\x52\x70\x5c\x06\x8b"
	"\xd6\xe7\xad\x3f\x3c\x83\x76\x52\x92\x76\xdc\xb7\x3e\xad\x05\x72"
	"\x5d\x2e\xec\x32\x5b\x22\x97\xa4\x19\xab\x63\xd1\x16\xc0\x60\xb5"
	"\xee\x88\x0f\x28\x32\xae\xd8\x54\x05\x08\x6a\x1c\x18\x33\xc6\x1d"
	"\x9f\x4e\x86\xd7\xa6\x68\xd1\x88\xc7\xe9\x7b\x66\xcb\x0b\x7b\x66"
	"\xee\x58\x77\x44\x05\x48\x96\xa2\x2c\x6d\x48\xc9\x8e\xa2\x98\x2c"
	"\x52\x7a\x3b\x60\x5a\x2c\xad\x82\x74\x4a\x5e\xb8\x74\x24\x0e\xdc"
	"\x29\x99\x46\x88\xc0\x37\xd2\x0c\x37\xbb\xc9\x42\xb8\x73\x11\x35"
	"\x62\xc0\xa3\x3a\xc8\x00\x53\x37\x5c\x43\x6b\xb9\x9d\x6a\xaa\xcc"
	"\xa3\xf0\x80\x26\xe1\x01\x37\x5e\x29\xe8\x3d\x1a\x5c\x2f\x22\x0b"
	"\x1d\x21\x89\x48\xac\xd3\x33\xe2\xfe\x23\x2f\xca\xf0\x95\xa8\xca"
	"\x31\x14\xa5\x5f\x5c\x02\x89\x8b\x69\x5c\x52\x3f\xaa\x68\x11\x67"
	"\x47\x03\x03\xe3\x17\x90\x3c\x0e\xae\x96\x07\x0d\xde\x2b\x93\xde"
	"\xc2\x30\x39\xc9\x9c\x4d\x46\x20\x52\x1f\x54\xe0\x90\xd4\x2d\x75"
	"\xdc\x40\x2c\x8e\x74\x89\x4a\x37\x5a\x88\x42\x5c\x19\x57\x3e\xb8"
	"\xeb\x9b\x2c\x3f\x03\x6d\xe0\xcb\x5c\x0e\x63\x7f\x95\x89\x0e\x76"
	"\x37\xbc\x47\x38\x17\xca\x13\x1b\x4a\x3b\x09\x51\x27\xf9\x80\xc7"
	"\x5c\xa9\x52\xf3\xa0\xc4\x48\x6c\xea\xae\xb1\xc3\xbd\xec\x6e\xc7"
	"\x21\x5b\xdc\x98\x2b\xaa\x2a\x63\x26\x3d\x50\xba\x43\x5f\x54\xc4"
	"\x22\xe8\xcc\xd0\x43\x3f\xf3\xd9\xeb\xe3\x4b\x1b\x7e\xd0\xf6\x7a"
	"\xba\xa9\xa8\xa0\x82\x5a\xc4\x46\x14\x79\x99\x67\xc2\x0f\xd3\xaf"
	"\xbf\x5e\x0b\x22\x8a\xac\xed\x8b\xba\xc1\x0b\x3d\x59\xb2\x88\x1a"
	"\x32\x2f\xd4\xc9\x6e\x88\x5c\x8a\x71\x4e\xe2\xc8\x52\x04\x21\xad"
	"\x4c\xf0\x16\xc9\xbf\x30\x20\x47\x16\x17\x14\xed\x20\xa2\xc2\x5b"
	"\x27\xcc\x4f\xab\x5a\xdb\x10\xa3\x13\x08\xa5\x68\x87\x77\x82\x69"
	"\xe2\xc6\x9d\x35\xaf\x3a\xbf\xbc\x3d\xbe\x7e\xff\xfe\xfa\xd7\xec"
	"\xf3\xe3\xbf\x9e\x3e\x3d\xfa\xde\x77\x60\xdd\x5c\xec\xaa\x5a\xed"
	"\xc8\x56\x23\x5d\x51\xc3\x68\x18\x6a\x46\x28\xc5\x6d\x7e\x2e\x17"
	"\x57\xcb\x73\x88\x23\x09\xb7\xe0\x78\xe0\x82\x22\xcb\xf2\x98\xfa"
	"\x87\x15\xea\x5d\x2d\xcf\x67\xeb\xf5\x16\xe8\xc1\xe7\x92\xd2\x24"
	"\x93\xe6\x86\x13\x41\x65\x26\xa6\x3f\x7a\xd5\x97\x36\xf6\xf8\x49"
	"\x60\xc0\xe3\xa1\xab\x1c\x4f\xf6\xa8\x47\xcd\xc7\x29\x70\xea\xc6"
	"\xcd\xee\xc6\x76\x21\xcd\x52\x43\xc3\xaf\x8b\x3e\xa0\x76\x98\xbd"
	"\x36\x63\x84\xd1\x67\x61\xcb\x2d\x9b\x13\x2b\x33\x10\x72\x89\x88"
	"\x79\x1d\x3f\x8f\x31\x72\x4a\x1b\xcf\xa6\xc9\xb3\xda\x67\x34\x1f"
	"\x94\x6e\xfc\x88\x9d\x2d\xa9\x23\xeb\xb7\x16\x08\x76\x5f\xc6\xfb"
	"\x68\x17\x2a\x88\x97\x11\x1b\x44\x0b\x1f\x17\x75\x72\x04\xa2\x5e"
	"\x9b\x15\x3b\xcd\x41\xe1\x4a\x8f\x88\x0e\x09\x65\x41\x7d\x33\xa8"
	"\x21\x00\x34\x32\xcc\xe0\x09\xe9\x49\x40\xaa\x27\x77\x99\xdc\x88"
	"\xe1\x16\x69\x7e\x5b\xcf\x2e\xdb\x24\x5c\x9b\x56\x94\x4f\x93\x2c"
	"\xb2\x82\x70\xa2\x6a\x19\xf6\x45\x40\x2d\xdb\x16\xc4\xa6\x25\x08"
	"\x71\x3e\x2e\xf0\x02\x90\xd0\x61\x13\x9f\x52\x0d\x72\x9e\xaa\x33"
	"\x4d\xed\x77\xeb\x87\xe7\x59\xf2\xf4\xf8\x05\x63\x52\x7d\xfd\xfa"
	"\xf6\xad\x55\x6c\x66\x3f\x01\xd3\xcf\xed\x36\xe2\xa0\x42\x64\x89"
	"\xe3\x39\xc5\x9b\x22\xbb\x5e\x2e\x1b\x6a\x41\xf7\x1c\x62\xe1\x6d"
	"\x97\x29\x14\x4d\x9d\x7b\x07\xf6\x72\x42\x34\xa5\xa4\x28\x9f\x57"
	"\x6f\x27\xeb\xa8\xaa\xe9\xc0\x56\x3a\xe9\xb9\xcc\x61\x38\x9d\xa8"
	"\x63\xfa\xa8\x41\x08\x1b\xa9\x68\x4d\x11\x96\x22\xca\x2e\xde\xb9"
	"\x78\xa7\x43\x7f\xb4\x1c\x0e\xa0\x50\xdc\x1f\xb9\x2d\xc2\xa2\xde"
	"\xae\xfb\x97\xab\x83\x07\x6e\x4c\xee\x98\x15\xc3\xfc\xe9\x53\xcb"
	"\x38\x06\xed\xa8\x4d\x0c\x30\xf7\xbe\xdb\x4a\x6e\xf0\x05\xcf\xaf"
	"\x1f\x7e\x79\xf9\xfd\xe9\xdb\x2f\x7f\x7d\x7f\xfd\xf1\xe5\xed\xcf"
	"\x0f\xfd\x2b\x82\x63\x25\x8b\xc4\x89\x41\x66\xd2\xe0\x5c\xae\xbd"
	"\xb7\x89\xb0\xdc\xb2\x88\xa5\x79\x66\x45\xb0\x33\x75\x26\xa2\x94"
	"\x1a\x58\x5d\xe3\x05\x0c\xde\x28\x9e\x74\x70\x06\x0b\x53\xba\x63"
	"\x45\x10\x23\x8d\xce\x31\x44\x80\xac\x4a\x76\xe1\xf8\xf5\xc3\xb7"
	"\x1f\x6f\xbf\xc0\x72\xfb\x6f\xe8\xc3\x07\x3f\x0f\xe2\xae\xb4\x41"
	"\xe9\xff\x78\x7a\xfe\xfa\xef\x87\xe7\xc7\x0f\xa3\xca\x4d\x30\x26"
	"\x77\xb8\xbc\xe4\x21\x8e\x7f\xf7\x75\x52\x94\x7e\x30\x88\xc1\xe0"
	"\x75\xbf\x13\xba\xcd\xbc\x81\xf6\x4b\xdd\x86\x21\x3e\x96\x84\x17"
	"\xbb\x61\xc0\xb3\xa0\x2d\x06\x36\x5d\x99\x13\xef\x71\x35\x1b\xc3"
	"\x37\xfd\x1d\xb3\x0e\xe3\x45\x3c\x56\x52\xcd\xe1\x0e\x3a\x75\x14"
	"\x2a\xf7\x37\xee\x12\x3c\xbb\xa8\xdb\x90\xa8\x2a\x00\xe5\xa3\xe3"
	"\xf1\xd4\x55\x4e\x84\x54\x47\xf2\xb1\x4e\xe1\x07\xdb\x89\x54\x54"
	"\x62\x78\x68\x22\x84\xaf\x05\x7f\x0b\x27\x8b\x75\x9b\x65\x7e\xe3"
	"\xde\x31\x4a\x53\xc3\x20\x5e\x6d\x9a\x94\xc3\xb8\x82\x5d\xe6\x61"
	"\x50\x72\x8c\x41\xa2\x21\xc5\xa2\x1e\xf5\xa7\x1f\x74\x20\x26\x31"
	"\x02\xf1\x68\xef\x2c\xdf\x0e\x82\x21\x4c\x24\xeb\xd7\xee\x1f\x0f"
	"\x6f\x5f\x0c\x36\xe8\xd3\x9f\x6f\xdf\xdf\x5e\x66\x5f\x0d\xbc\x0e"
	"\x4c\xb9\x87\xd9\xcb\xd3\xff\x3d\xfe\x73\x08\xb1\xc1\xf4\x89\xd4"
	"\x48\xe3\x71\xb4\x5e\x8d\x28\x20\xde\x75\x54\x07\xe4\xe9\x42\x46"
	"\x5c\x23\x58\x5d\x14\xd0\x86\x5d\x94\xc8\xde\xc1\xe4\x3d\x12\x35"
	"\x78\x14\x46\x15\xd3\x2e\x54\x1b\xf7\xb3\x1a\xe4\xeb\x1c\x34\x8b"
	"\x7c\x7f\x67\x3f\x8b\xe6\xac\x60\x5c\x54\x77\xb0\x1c\xcf\x3a\x12"
	"\xc9\x05\x56\xb9\x3f\x52\xec\xd7\xf9\x5c\x20\x28\x63\x21\x6b\xf2"
	"\xa5\x30\xb0\x5c\xff\xfd\xf7\x04\x4b\x46\x98\xfb\x35\x70\x7b\xb3"
	"\x17\x6a\x07\x8c\xfe\x63\x4a\x47\x90\x45\xc0\x39\x9c\x8e\x7e\x3d"
	"\xb6\x45\xe8\x6e\xcc\x6f\x22\x5e\x22\x1c\x3c\x6e\x94\xb1\x7e\x59"
	"\x65\x04\xbe\xb7\xac\x7c\x0a\x5c\x54\x0d\xe6\x7c\x6e\x19\xd5\x72"
	"\x0c\x8a\x29\xaa\xca\xef\xe3\x08\xd4\x24\x45\x34\x81\x61\x94\x38"
	"\x48\x34\x98\x5b\x5e\x12\x3a\xf5\x59\xb2\x6b\x9f\x66\x43\x5f\x43"
	"\xba\xb5\x9c\xe0\xb7\xf5\x4a\x15\x7e\xcb\x68\xb8\x06\x21\xc1\x2d"
	"\x40\x83\x18\x3b\x85\x20\xba\x5e\x79\x44\xdc\x49\xdb\xee\x0d\x24"
	"\xd8\xf4\x4a\x27\xf4\xee\x10\x68\xca\xf5\x4e\xb2\x43\xcc\xf8\xc2"
	"\xdb\x64\x35\xc8\x63\x3b\xe2\x96\xa5\x63\x42\x44\x60\xa5\xa0\x3d"
	"\x95\x28\x96\x8b\xb3\x6f\x85\xdc\x97\x6c\x20\x1f\xe2\x2f\x13\x97"
	"\xc6\x3e\x28\x74\x7a\x5a\xd6\xef\xa3\xb5\xfa\xf4\xf5\x7c\x71\x35"
	"\x6e\x53\xc4\xf8\x76\x7d\x15\x6c\x76\x2d\x09\xcc\xe0\x8e\x81\x63"
	"\x1c\x36\xfd\x40\x26\x10\xcb\x38\x35\x71\x37\x3c\xa9\x1a\x5f\xcf"
	"\x60\x67\xae\x36\x9e\xd2\x31\xf0\x4d\x9e\x3a\xf1\x34\xc6\x1d\x29"
	"\x77\x51\x90\x21\x9b\xa0\xab\x9b\x28\xd0\x7c\xeb\xbb\x0c\x12\xdb"
	"\x86\xcf\xd7\x3e\x9a\x56\x15\x36\xf3\xed\xc0\x88\xcc\xa3\x32\x97"
	"\x68\xb5\xe0\xd1\x31\xa2\x6e\xeb\xf4\xfc\x6c\x62\xe2\x61\xf4\xa5"
	"\x86\x89\x0e\x95\xea\x7c\x0e\x8f\xc8\x51\x12\xa2\x30\x10\x9a\x84"
	"\xd3\x34\x73\x91\x3c\xb2\x17\xc8\xa7\x97\x4f\xbe\x0d\x59\xc5\x19"
	"\xc8\x05\x08\xbf\xa3\x96\xe9\xf1\x6a\x41\x74\x3c\xba\x5e\x5c\x9f"
	"\x9b\xa8\xc8\xfd\x5a\x8f\x86\x88\xc0\x55\x4e\xdc\x4c\xb2\xac\xa2"
	"\xe2\xb9\xee\x11\xe2\x9c\xaf\x88\x5b\xe1\x44\x6a\x81\xcb\x7f\x73"
	"\xc9\xd5\x76\xb9\x50\xab\x2b\xbf\xf6\x08\x07\x7b\x9a\xab\xba\xc4"
	"\x53\xaf\x1c\x49\x35\xbd\x1d\x09\x24\x86\xd4\xaf\xab\xb1\x22\x52"
	"\x5b\x50\x33\x19\xf5\xf4\x5a\xa5\x8b\x2d\x85\x56\x6c\x88\x0b\x22"
	"\x5c\x42\x3b\xea\x15\x30\x5d\x5f\x87\x79\x76\x87\xf9\xc7\x8f\x61"
	"\x16\xdd\xd0\xed\x95\x7f\x4a\x1d\x24\x5f\x2f\xaf\xfd\xd7\xd2\x91"
	"\x9a\xaf\x37\x0b\x62\xec\x71\x03\xfa\x08\x5b\x13\x11\x7e\x79\xd7"
	"\x1a\x57\x9b\x44\xb1\xed\x6a\x73\x45\xdc\x56\x57\x15\x0c\x7d\x13"
	"\xf3\x62\x19\x3a\x4a\x55\xc9\x68\xf0\xf3\x0e\xbe\xbc\x21\x4e\xc0"
	"\xda\x44\x79\x30\x98\x07\x16\x34\xc5\x90\x40\xa2\x43\xb5\x30\xa0"
	"\x06\x8e\xa3\x75\x1f\xec\x37\x85\x85\x7b\xe2\xe8\xd5\x13\xc7\x20"
	"\xff\xca\x41\xe0\x88\x7e\xda\x69\x0a\x6c\x15\x0b\xff\x9c\xee\xe9"
	"\xd7\x21\x7a\x1a\xef\x19\x01\x65\xd1\x72\x80\x1c\xb7\xde\x7c\x0c"
	"\x16\xb2\x5d\xf2\xf3\x3a\xcc\x70\x3e\xaf\x82\x1c\x22\xaa\x9a\xcd"
	"\xf6\x50\xc4\xca\x3f\xbb\xf8\xee\xe3\xfc\x6a\xb4\x46\xf5\x80\x54"
	"\x8f\x7f\x3f\xbc\xcc\xc4\xb7\x97\xd7\xe7\xb7\xaf\x3a\x1e\xf6\xcb"
	"\x5f\x20\x27\x7f\x9e\xbd\x3e\x3f\x7c\x7b\xc1\x71\x9b\x7d\x79\xfa"
	"\xf6\x38\xfb\x0c\x5b\xd3\xd3\x0f\xfc\x73\x38\x8e\x15\xc6\x45\x08"
	"\xce\x7a\xdc\xb2\x50\x2d\x98\x66\x72\x6c\x11\x06\x47\x0a\xfd\xc1"
	"\x1e\x66\x49\xb1\x67\xb3\x4e\x6b\x9c\x7d\xfe\xfe\xef\x6f\x5f\xbe"
	"\x3f\x74\x0f\xb2\x2c\xc9\x15\x7d\x61\x18\xce\x92\x22\x1d\xfb\x84"
	"\x7e\x7b\x7d\xfc\x32\x93\x82\x6b\xb9\xd7\xa8\xec\x1d\xa0\x96\xe2"
	"\x22\xf1\x24\x1f\xe1\xd0\x1c\xa7\xf6\x05\x1d\x10\xaf\x86\x22\xf2"
	"\x87\xe7\xcf\xbe\x6a\x48\xfe\xef\x3f\x9e\xbf\xc3\xce\xff\xf2\xfd"
	"\x79\xa6\x34\x1e\xce\x00\x0f\xf4\x27\x9e\x2b\xf9\xf3\xc0\x22\x71"
	"\x69\xdf\xa5\xb8\xa1\xae\x78\xba\xf5\x6f\xc7\x31\x3f\x10\xc6\xf8"
	"\x73\xaa\x61\x0b\x49\x22\x4b\xea\x4e\x91\xcd\x0b\x45\xb2\x39\x16"
	"\xb0\x6e\xf5\x72\x84\xc8\xb0\xcc\x54\x6d\x12\xb5\x5d\xa8\x83\x6c"
	"\x73\xf4\x56\x8f\xa6\x14\x69\xeb\x29\x64\xe1\xa0\xe2\x2b\x41\xae"
	"\xdf\xe8\x43\x9e\xc4\x26\x99\x54\x75\x7d\x75\x75\xc5\x2c\x73\xc0"
	"\x90\x38\xbf\xa2\xb6\xee\x0b\x8f\x5a\xce\xaf\xd8\xf8\x9d\x8e\xe5"
	"\xaa\x88\x81\x39\x3e\x3d\x3f\xfd\x70\xe1\x39\x11\x3a\xa5\x55\xda"
	"\xc9\xa5\x60\xae\xdc\x0c\x8f\xd9\xeb\x68\x36\x03\x74\x27\x59\x06"
	"\xfa\xa6\x74\x1c\xca\xbd\x05\xc2\x11\x70\x68\xd4\xce\xc4\xc6\xf5"
	"\x79\x6a\x0d\x78\x33\x2b\x10\x37\x2f\x9a\xfb\xb8\xcc\x79\x5e\x58"
	"\x0a\x65\x13\x09\x0b\xfc\x4c\x63\x7e\x33\x34\x80\x5b\xa9\x20\xa6"
	"\xe1\xcb\x6a\xcb\x09\x6c\x50\x15\x5f\xf0\xc9\xa6\xa7\xa9\x98\x68"
	"\x30\xcc\x14\x5b\x3f\x19\x12\x0f\x4a\x4c\xd7\x81\x7a\x85\x9f\xa9"
	"\x85\x7e\x92\xcd\x59\xca\x8f\x0b\x42\xce\xaf\x25\x02\x58\x53\xd3"
	"\xc4\xc3\x34\x9e\x8c\x16\x95\x9a\x8d\x2d\xf6\xfc\x4d\x45\x85\x53"
	"\xd1\x7d\xc2\x70\xcd\x65\x9e\xa2\x99\x14\xe3\xda\x49\x2f\x5e\x99"
	"\xf1\x39\x34\xf8\xe1\x96\xdf\x42\x21\x72\x90\x37\xa0\xaa\xca\x1f"
	"\xb8\x88\x17\x5a\x30\x47\xcb\xb0\x1d\xc2\xf9\x04\xea\xe2\xb1\xcd"
	"\x67\x45\x6b\xd5\x6b\xb2\xb9\xcd\x95\x27\x15\x4d\xb6\xfb\x32\xb7"
	"\xe6\x4c\x5c\x81\x44\xd3\xe4\x55\x61\x26\x53\x0f\x49\x9c\xb2\x8a"
	"\x5c\xa4\x7a\x03\x88\x6a\x96\x5e\xca\xf6\x21\xb5\xdc\x3b\xca\xa7"
	"\x4e\x00\xbd\x05\xd1\xf2\x95\x41\x36\xa7\xb2\x69\xdb\xb1\xb6\x68"
	"\x30\x98\x91\x99\x36\x2b\xa0\x3d\xd5\x01\x65\x37\xbc\xdc\x1b\x54"
	"\xc1\xd0\xc4\x49\x18\x40\x81\x5f\xaf\x7b\xdc\xea\x9e\x54\xb0\x4c"
	"\x70\x20\xcd\x47\xad\x3c\x45\x86\x08\x32\x2b\xa8\x74\x02\x41\xa7"
	"\xfc\xae\x5c\x86\x3f\xbb\xf0\xe7\x19\x06\x7c\xf6\xe2\x3f\x55\xf7"
	"\xce\x7b\x18\x9d\xa0\xaf\xa6\xfd\xb8\x16\x2d\x1d\xba\x3f\xb4\x3f"
	"\x5d\xc6\xd1\x80\x61\xe5\xc3\xd7\x05\x1a\xe8\x36\x5a\x20\x84\x7c"
	"\x9f\x58\xdd\x0b\x1b\x86\xb2\xba\xaf\x6a\x11\xe8\x4d\x1b\xbe\x82"
	"\x1c\x55\x98\xc7\x43\xe8\x80\xea\xde\xec\xb9\xd6\x5b\xd7\x41\x62"
	"\xd7\x83\xd1\x28\xdf\xf2\x56\x5d\xc6\x21\x43\x48\xd3\x89\x4d\xd6"
	"\xe4\xa2\x83\x4c\x41\x9d\xd9\xc9\x1b\x0a\xbb\xcb\x59\xa4\xf9\x1d"
	"\xfc\x60\xe5\x78\x1a\xdd\x20\xd0\x39\x83\xd5\x98\xe5\x78\x5f\xe8"
	"\xbd\xf4\x74\x38\x95\x2c\xda\x25\xed\x5c\x31\xc1\xf0\x5a\x87\x5f"
	"\x9f\xdc\x78\x6f\xae\x65\x0d\xfb\xe6\x27\x7d\xb8\x0d\xaf\x33\x10"
	"\x5a\xbd\xb6\xa2\xaa\xc3\xaf\x4b\xfb\x9c\x64\x90\x7d\x3f\x82\x52"
	"\x34\x88\xc9\x73\x38\xda\x14\x10\x2a\xdc\xb2\x3a\x6f\x02\xce\x47"
	"\xd5\x5c\x72\xd9\xb4\x83\xe0\xbc\x2e\x10\x9d\xaf\x74\x6e\xab\xb0"
	"\xb9\xb0\x3b\xe4\x59\xa4\x0b\xf0\xdb\xf9\x74\xa5\x12\xf4\xbb\x0d"
	"\x4d\xc7\xcb\xf5\x26\xe0\x4f\x23\x12\xb4\x32\xb6\x93\xa5\x0c\xb1"
	"\xf8\x3e\xa5\xcb\xd3\x0d\x81\xf9\xa8\xe3\x10\x80\xe8\xe5\xd2\xfa"
	"\x13\x8c\x62\xe2\xe9\x30\xd2\xb0\x07\x5a\xd7\xa1\x0c\x34\x2c\x34"
	"\x30\x2a\x6f\x64\x99\x61\x40\xb5\x3a\x81\x39\x54\x16\x72\x37\x98"
	"\x41\x58\x62\x64\x07\x38\xd0\x69\xad\x9f\x90\x7f\x4f\xd6\xcd\xb8"
	"\x0d\x40\xf0\x6a\x0e\x14\x0e\x9a\xe4\x82\xb8\xa0\x7b\xd6\x76\x69"
	"\xf6\xfa\xbf\x3f\x1e\x67\x3f\x81\xda\xf1\x3f\xff\x98\xbd\x3e\xfc"
	"\x78\xfc\xc7\x8c\x47\xff\x05\xca\xce\xcf\x03\x28\xea\xce\xf2\x64"
	"\x75\x97\x1f\x4a\x93\x4a\x00\x66\xb6\xe4\x5c\xa9\x2a\x6c\xcf\x2a"
	"\x83\xf9\x89\x5b\xc8\x0b\x99\x98\x2a\xba\xdf\x88\x27\x5a\x61\x18"
	"\x0a\x9a\xa5\x3d\x61\x69\x06\xc5\xd1\x01\xcc\xc5\x8c\xee\xc7\xb1"
	"\xea\xf4\x37\xdb\x92\xa4\xb3\x16\x62\x3c\x1f\x6c\x96\x84\x4f\x71"
	"\x08\xfd\xdf\x09\x26\xc5\xd4\x7b\x58\x40\x69\xa0\xc2\x89\x1a\x9e"
	"\xb2\x08\x4e\x60\x8c\xc0\x92\xa2\x17\x86\xf5\xba\x42\x53\x2a\xea"
	"\xfd\x83\xa6\xea\x03\x41\xdd\xa9\x24\x50\x39\x3f\xef\x77\x4b\xc3"
	"\x1f\x66\x5a\x4d\x31\xed\xb2\xf3\x22\xc0\xb3\x8b\x17\x01\x62\x3b"
	"\x2b\x97\xa7\xe6\x0c\xff\xe8\x45\x4d\xd7\x74\x28\x88\xa7\x11\x9a"
	"\x0a\x65\x6c\xcf\x84\x6d\xb3\x63\x08\x7e\x0f\xc6\x59\x19\xa8\x9d"
	"\x31\x1e\x6e\x1e\x13\xfc\x63\xb0\x01\xc8\xb0\x9d\x60\xd8\xae\x42"
	"\x0c\xf2\x18\xec\x81\x3c\xd6\x32\xf0\xa5\xa2\xa2\x6a\xc4\x22\x0f"
	"\xd4\x8f\x18\x5e\x30\x71\x02\x1c\x78\xc5\x55\xd2\x74\x0c\xa0\xbb"
	"\xf0\xd3\x65\xbc\x67\x7a\xd3\xce\xe2\x13\xe5\x9c\x77\xe1\x09\xd8"
	"\xa0\x2e\x3c\xe1\xa1\x28\xaa\xe5\x14\xc3\x22\xbc\x3c\x25\x9c\x8f"
	"\xc5\xad\xa0\x56\x27\x9c\x2a\x07\x6e\xed\xd1\x78\xce\xd4\x59\x33"
	"\xdf\x44\x62\x2f\x42\xdb\xa0\xc9\xea\x46\xc1\xf4\x71\x80\x7a\x80"
	"\x88\xd1\xa3\x63\x0a\xab\x8a\x4e\x1c\x36\x82\x0b\x4f\xa0\xa8\xf6"
	"\xc6\xbe\x8c\x6d\x27\x91\x0b\x99\xcb\x68\xa0\xfc\x8c\x6b\xd2\xb7"
	"\xfe\x92\x08\xc4\xd4\x31\xb9\xe1\x34\x1d\x42\x93\x0c\x91\x14\xfb"
	"\xaa\xb5\x60\x3a\xaa\xf5\x50\x80\x12\x52\x04\x3e\x4e\x46\x48\x3e"
	"\xed\xc1\x7e\x5e\xce\xb7\xf3\xc0\x5a\x4d\xea\x0a\x35\x45\x83\x82"
	"\x1f\x38\x0e\x8a\xd0\x59\x91\x61\xc4\xfa\x20\x9d\x91\x36\x18\xdd"
	"\x89\x2a\x0e\xac\x75\x75\x27\xaf\x97\x7c\x03\xbb\xe2\x82\x66\xba"
	"\x85\xcf\x06\xa2\xdc\x7c\xb1\xb9\x0a\x31\xb1\xa9\x4d\x3c\xe2\xcb"
	"\xed\xf5\xdf\x81\x75\x8f\x6d\xd9\x7e\x5c\xd1\x1c\xa7\xe8\xe3\x7c"
	"\x1b\xe8\x0e\xad\x4e\x18\xa1\x49\x4e\xec\xae\x85\xdc\x5c\x11\xd7"
	"\x2d\xd6\x61\x09\xab\x4a\x72\x11\x38\x27\xa2\x80\x08\x93\xab\xc8"
	"\x7c\x56\xe6\xf7\x0c\xd6\x6e\x55\x05\xde\xc5\xf9\x56\x26\xab\x7c"
	"\x1a\xb2\x8c\x7c\x57\xc3\x92\xb8\xa5\xd3\x4e\x63\x81\x1b\xc7\x48"
	"\x6a\x1f\xa7\x6a\x18\x82\xa9\xa7\xd9\x2e\x26\x84\xac\x3a\xe4\xa0"
	"\x2e\x26\x74\x35\x89\xfd\x2a\xae\x63\x6f\x74\x8c\xb7\x4e\x2f\x68"
	"\xf0\x87\x5f\xaf\x86\x0c\x7a\x79\x0f\x7d\x62\x2e\x9e\x9f\x06\xc4"
	"\xba\x4f\x57\x19\x2b\xd4\xc1\x36\xdc\x40\x72\x75\x10\x19\x4a\xd4"
	"\x47\xa1\x40\xe9\xa6\x64\x47\xac\xc9\x1d\xb8\x21\x31\x26\x82\xb2"
	"\xe3\x18\x89\xb2\x24\xdc\x28\x80\x4a\xce\x49\xa0\xa1\x09\x91\x2c"
	"\x35\x08\x62\xad\x87\xc1\xf1\x34\xe8\x49\xc6\x8f\xce\x19\x87\x24"
	"\x65\xce\x2b\x8d\x9e\x76\x8c\xed\x37\xec\x97\xa4\x26\x89\xb9\x53"
	"\x4e\x40\xdf\x8b\xb4\x05\xcc\x78\x08\x28\x8a\x03\x3d\x73\xf7\xe4"
	"\xbb\xde\xbe\x66\x76\xdc\x51\x1c\x5d\x74\x74\xc3\xe9\xef\x92\xcd"
	"\x83\xf1\xb3\x24\x86\x21\xce\xd1\x63\xea\x12\x5f\x47\x87\x3a\x8c"
	"\xac\x7e\xef\x72\xeb\x2d\xf2\x05\xc2\x8d\xb8\xc7\x4d\x6a\xe5\x20"
	"\xde\x9a\xdb\x8b\x38\x8e\x67\xf3\xe5\x76\x35\xfb\x29\x79\x7a\x7e"
	"\x3c\xc1\xbf\x3f\xfb\x2e\xdc\x12\x51\xc6\xe8\x8d\xed\x2f\xbb\x25"
	"\x82\x76\xac\xee\xfc\xaf\x0c\x5a\x97\xb7\x61\x88\x2f\x07\xbb\xdb"
	"\x8d\x32\xb4\x03\xb5\x9f\x58\x6c\x78\x0f\x6e\x45\x05\xb8\xad\x59"
	"\x2a\xee\x03\x4f\xe1\x88\xbb\x7c\x11\x78\xb2\x5a\xc5\xc4\x65\xa9"
	"\x64\x9c\x7c\xf5\x74\x3c\x53\x14\xf4\xf1\x22\x3c\x0d\xf7\xc4\x33"
	"\x6e\xa8\x48\xc5\x24\x4a\x2e\xea\xa0\x39\xed\xca\x8b\x36\x40\xb2"
	"\x6f\x48\xec\x0c\xcd\xa9\xdf\x2e\x55\xdb\x76\x51\x10\xf6\x8e\xfa"
	"\x2b\x95\xa0\x77\x37\xde\xc8\x0d\xc7\x58\xa3\x2b\xf5\x15\xa5\x8e"
	"\x43\xcc\x30\xfe\x4b\xe6\xf1\x9e\xd0\xae\xd9\xfd\xb5\xe5\x67\xfb"
	"\xaa\x2c\x7a\x7a\x79\x7d\x7e\xfa\xfd\xed\xf5\xf1\xf3\x4c\x99\x68"
	"\xda\xac\x8f\x2a\x36\x7c\x9a\xd1\xcd\x8a\xea\x80\x4e\xaf\xce\x2b"
	"\x40\xd8\x70\xa2\xbc\x6c\x96\x3c\xb7\x8e\x90\x63\x5e\x52\x22\x4a"
	"\x75\x57\x1c\x72\xaf\x6b\xcf\xa0\x3c\x16\xb1\xa2\xb2\xb7\xa0\x36"
	"\x09\x2f\x33\xcb\xc4\x59\x3a\x9e\x02\xe0\x80\xb1\xe6\x7f\x5c\xcd"
	"\x97\xf3\xf3\x44\xa6\x94\xa1\x29\x39\xe6\xd6\xc0\xab\x54\xf0\x9c"
	"\x42\xf2\xe9\xb3\x56\xb1\x6d\xfb\x66\x3c\xa6\x44\xcd\xf6\x5a\xb6"
	"\x52\x53\x9d\x90\xec\xde\x2e\x14\x76\xae\xcb\x87\x98\xca\x6b\x49"
	"\x0f\xf0\x73\x33\x9f\xcf\x49\x27\xa0\x02\xa7\xd0\xd2\x2f\x2f\x42"
	"\xde\x06\xf4\xf9\x38\x48\x6c\x1d\xc7\x39\x9f\x68\x16\xec\x2d\x19"
	"\x48\x49\xde\x59\xc4\x4a\xee\x4f\xc7\x1e\xe7\x76\x04\xeb\x2a\x25"
	"\x1a\x5b\xa5\x73\x92\x10\x93\x14\xea\x43\x9d\xc9\x45\xdf\xb5\xad"
	"\x06\x21\x80\x51\x0f\x67\x59\x14\x67\x76\xdc\x0f\xd8\x85\x76\xe1"
	"\x21\x32\xd8\xbf\xf6\x7a\xda\xad\x56\x84\xd4\x27\x71\x27\x24\x2c"
	"\x77\xd9\xd9\x3f\x46\x9c\x9a\x98\x95\xd8\xe7\xd9\x92\x2c\xec\x4c"
	"\x79\x6b\x57\xb1\x24\x11\xd8\x20\x63\x35\xd9\x61\xce\xec\xc7\x44"
	"\xbb\x8c\x85\xf3\x98\x68\xed\xd6\x9e\x7a\xa8\x33\xf4\x89\xc7\x3b"
	"\x1e\xe2\x91\xec\x90\xe5\x38\xcd\xb2\xdb\x9f\x27\x79\x4a\x82\x27"
	"\x15\xb7\xb5\xa0\x9e\xa8\x75\x44\xa7\x11\x9e\x5e\x1e\xe2\x54\xd9"
	"\xb2\x74\x9b\xd4\x54\x73\xc2\xde\xda\x92\x97\x61\xf2\x6a\x82\x3c"
	"\xd9\x32\x50\x0b\x73\x7b\x67\x22\xe6\x54\x34\xb9\x55\x45\xf1\x08"
	"\x80\xa0\xaa\x53\x32\x68\x4a\x97\xcb\x05\x8d\x8e\xd2\x05\x61\x7d"
	"\x87\xcf\xe5\x86\x16\x1b\x97\x87\x41\x48\x63\xeb\x65\xde\x2e\x5e"
	"\x4c\xb6\x3d\xbe\xe7\x07\x61\xdd\x5d\x9b\x94\x26\x2b\x86\xb7\x65"
	"\x4d\x3c\x5d\xd2\xd9\xbe\xf4\x52\x0b\x62\xf6\x1c\xcf\xfb\x89\xae"
	"\x1c\x40\xe5\xc1\x43\xcb\x0e\x90\x2d\xce\xd7\x87\x68\xd1\xec\xa9"
	"\x50\x01\x98\x0b\xe4\x7e\x9a\x5c\x5c\xad\xc8\xf3\xe3\x90\x29\x2a"
	"\x1d\x71\x69\x12\x92\x48\xee\x5e\x40\x5c\x4e\x74\xd3\x7e\x5b\x5b"
	"\xcc\xbd\x41\xed\x87\x19\x6a\x76\x8a\x85\xf7\x88\x41\xed\xc4\x32"
	"\x97\xc7\x94\x01\x06\x09\x01\x0a\xe1\xf6\xb9\xdf\x51\xe9\xc4\x46"
	"\x24\xce\x54\x16\xf2\x28\xd6\x14\xaa\xb8\x15\xd5\x32\x20\x10\x79"
	"\x12\x39\xbf\xba\x09\x8f\xa8\xd8\x2c\xae\xed\xe7\xac\xbf\xc9\x89"
	"\xc9\x29\x59\x79\x8c\x53\x6b\xac\xe5\x51\x52\x5b\xa5\xba\x21\xde"
	"\x90\xa8\x9b\xbb\xc5\x44\x45\x50\x0b\xcb\x72\xab\x75\x32\x3d\xc3"
	"\x1c\x26\x4c\xc8\x48\x23\x15\x3e\xa0\x5e\x07\xa9\xea\x14\x24\x93"
	"\x58\x29\x5d\x6b\x05\x2f\xed\x19\x78\xa3\x36\x9b\x95\xff\x00\x47"
	"\xd2\xf5\x3c\x40\x82\x1a\x53\x82\x7c\x0f\xa5\x9e\x09\x0b\xb2\xd3"
	"\x9e\x7c\xb4\xb7\x65\x7c\xb1\xf9\x8d\xf0\xfb\x01\xe2\x79\xb1\x02"
	"\xea\xc4\x2a\x94\x77\xa5\x75\xf9\x8e\xbf\xe7\x57\xc4\x67\x4e\x62"
	"\x96\x66\x13\x62\x7b\xc6\x40\x92\x96\x56\x99\x6d\x92\x5f\x78\x53"
	"\x9b\xe5\x66\x31\xd1\x48\xf8\xb3\xcc\xb3\x5c\x3a\x31\x10\x26\xce"
	"\xa4\xcd\x72\x7b\x65\x1f\x65\x8b\x9b\xe9\xa1\xce\x8e\x20\x0c\x58"
	"\x17\xca\x3a\x40\x78\xe4\xec\xb5\xe3\x8c\xf9\x8d\xb0\x55\x9c\x43"
	"\x4e\x89\xdf\x6d\xc0\xbc\x38\xdb\x0b\x3b\xae\xc3\x01\x94\x0c\xf8"
	"\xcc\xde\x91\xba\x8b\xf1\x05\x61\x22\x26\x94\x35\x63\x4a\xb6\xc2"
	"\x1b\xa6\x6c\x49\x5d\x68\xdd\xa6\xa4\xf8\x79\x9b\xee\x49\x05\xfc"
	"\x1c\x67\x0d\x99\x8f\x04\xaa\xea\x5a\x58\xb3\x14\x5f\x94\x58\x6d"
	"\xe4\xec\x23\xec\xd7\xa4\x07\xe2\x2d\x64\x68\xc8\xd3\xb0\x94\x93"
	"\x07\x3a\x42\xe1\x56\xb1\x25\xa2\x6c\xe6\xcb\x2d\x71\x01\x8b\xa4"
	"\x2a\xf7\x6f\x82\xe5\x66\xbe\xde\x4e\x55\x96\xe1\x0d\x9a\xf7\x6c"
	"\x2b\x23\xeb\xe3\x94\xeb\xab\xd5\xc4\xec\x2f\x11\x0f\xa5\xf4\x16"
	"\xd6\xba\xca\x58\x92\x8a\xd6\xff\x26\x67\xab\x8a\x87\x71\x65\x87"
	"\x04\x91\xda\x61\xd2\x15\xdf\x2e\xae\x96\xf3\x89\xe2\x84\xa5\x10"
	"\xc2\xcf\x2d\x75\x65\x22\xd4\x7c\x3b\xd1\x63\x95\xa7\xac\x4c\x52"
	"\x66\x1b\x0d\x14\x61\xe8\x82\x74\x7c\x6f\xcb\xa7\xcc\x18\x4a\x2a"
	"\x6b\xe8\x95\xe4\xdb\xb9\x7f\x59\xc4\x85\xe0\xe4\x9d\x0f\x14\xb3"
	"\x9d\x13\x19\x35\x71\x35\xb5\x9f\xa9\x4a\x6f\xe8\x56\x63\x2a\x09"
	"\xb3\xfb\x1d\xdf\xcd\xb6\x5d\x1d\x58\x51\xdc\xc9\x98\xf0\xb6\xc3"
	"\xb9\x41\x3c\xef\xe2\x08\x03\x93\x11\x7b\xb2\xa8\xc3\x8d\xa8\xe2"
	"\x43\x5d\x59\xbb\x9d\x49\x99\xc8\x65\xe7\x10\x0d\x2f\xe0\x98\x66"
	"\x84\x99\xaf\x4a\xd9\xc4\xf7\x3c\xda\xdb\x34\xfc\x6c\xca\x03\x6c"
	"\xa8\x7e\x39\x1d\xa8\x88\x84\xc1\xfd\xb6\xea\x41\xb1\x27\x71\x9f"
	"\xd9\xb1\xd6\x4c\x4a\x73\x22\x9d\x5f\x2f\x0c\xcb\xa9\xe3\x56\xdd"
	"\x65\x79\xa1\xee\xec\x27\xf3\x27\xde\x9c\x53\x52\x13\x48\xa2\x48"
	"\x50\x3a\x40\x21\xbc\x37\x55\xe8\x27\xab\x6d\xd2\x03\x93\x34\x26"
	"\x9a\x97\xd3\xfd\x59\xaf\xd3\xb8\xc4\xb7\xa1\x54\xed\x86\x47\x54"
	"\x3b\x46\xdc\xd9\x74\x05\x37\xb2\x3e\xd3\xa0\x15\x16\x17\x3e\xba"
	"\x2e\xe3\x40\x71\x13\xca\x8f\xe6\xc9\xff\x9f\xb1\x2b\xd9\x6e\x1c"
	"\xc7\xb2\xbf\xe2\xd3\xab\xaa\x45\x56\x72\x1e\x16\xb5\x80\x48\x4a"
	"\x62\x98\x20\x69\x02\x92\x68\x6f\x74\x9c\xb6\x33\xc3\xa7\x1c\x76"
	"\x9c\x08\x67\x77\xd4\xdf\x37\x1e\x38\x88\x03\x1e\xa0\x45\x0c\xc2"
	"\xbd\x04\x41\x8c\x0f\xc0\x1b\x12\x38\xe3\xc3\xf1\xfe\x5c\x40\x15"
	"\x60\x7d\x7f\x5f\xe4\x53\x25\xb2\x93\x48\x99\xe9\x68\x67\x29\x84"
	"\x40\x05\xff\x12\x40\x5e\xeb\x1f\xe6\xf9\x0d\xa4\xe3\x7e\x73\xe0"
	"\x1c\x6e\xf1\xe4\x05\xeb\x0f\xdd\x70\x02\x8f\x2c\xb7\x45\x61\xd1"
	"\x60\xa0\x9f\xa2\xc3\xa3\x50\x87\xf7\x27\x5a\x28\x21\xc9\x13\x92"
	"\xe2\xc5\x13\x72\x35\xcf\x4b\x1c\x4f\x89\xe8\x79\x9a\xec\xd3\x5a"
	"\x48\x7c\x5e\xa4\xc7\x83\x70\x89\x8f\xd7\x31\x6d\x26\xeb\x76\xa6"
	"\x4d\x95\xd4\x85\xe8\x5b\x58\x8e\x72\x3b\x79\x6e\x4f\xe4\x1e\xa5"
	"\x14\xa0\xf4\xc2\x6d\xcb\xb6\x13\x9c\xd3\x72\x14\xeb\xf7\x51\x46"
	"\x5c\x88\xd6\x38\x47\x6e\x3a\xb4\xb0\xdc\x03\xe8\x19\x20\x69\xa3"
	"\x8c\x52\xba\xf5\x21\xf8\x4b\xee\xb4\x8f\xf7\x42\x14\x8e\x0b\x49"
	"\x45\x5b\x42\x58\x1e\x71\x90\x8b\x3d\x7b\x5b\x23\x0e\x2b\x1a\x22"
	"\xa6\xd1\x3c\xc1\x5b\xf9\x08\xf7\x9d\x2c\x43\xf1\x36\x2f\xf2\x52"
	"\x4c\x51\x62\xf4\x3a\x0d\xfc\xad\x6b\x04\xb1\x71\x8b\x63\x5f\xa9"
	"\x2a\x5f\xd7\x13\x05\x18\xf1\xe3\xbc\x61\xe9\x3c\xbe\x28\x24\xa6"
	"\x19\xd8\xcd\x67\xf3\xc4\xa5\x67\x67\x48\xa3\x75\xbd\x60\xc9\x4b"
	"\xe7\xb9\x8a\x8f\x48\xae\x66\x2c\x3e\x7f\x5d\x35\x0f\x10\x22\x53"
	"\xa6\xc1\x3c\x20\xa1\x2e\xd9\xfc\x3d\x52\x9b\x68\x9e\x24\xf5\x8b"
	"\x38\xbf\x5f\xdc\xb8\xa8\x36\x5a\xac\xd8\x4f\x1e\x06\x63\xce\xce"
	"\x25\x1b\x18\x61\xcd\x4d\x28\x05\x94\x10\x9e\xa0\x46\xa0\xb7\xe4"
	"\x84\x1d\x64\x01\x5c\x67\x3b\xc2\x94\x6e\xa8\x00\x6d\x78\x11\xd9"
	"\xbe\x35\x2f\x49\x97\xe8\x2c\x4b\x21\x24\x8a\x30\x52\x5a\xe6\x03"
	"\x2a\xfe\xcc\x2e\xd4\x86\x4f\x22\x6d\x14\xd9\x61\x8b\x01\xf1\xd9"
	"\x0e\x23\xb2\x46\x93\x34\x91\x77\x43\x4a\xe4\x9c\x65\x54\x0d\x94"
	"\x8b\xd0\xe8\x3d\xd4\x1d\x96\x0d\x0c\xe4\x0b\x86\x3c\xe8\x26\x57"
	"\x66\x92\xd2\x38\x40\x74\x6f\x06\x0a\x6b\xe2\x10\x11\x72\x26\x94"
	"\x48\x29\xe6\x8c\x04\x31\xc8\xc3\xee\x20\x4a\x81\xc4\x8b\x23\xaa"
	"\x01\xdb\x15\x81\x63\x11\x4d\xb6\x25\xcc\xcf\x91\xa5\x7a\x16\x66"
	"\xff\x8d\xb6\xd0\x34\x61\x61\xe4\xea\x3f\xac\x81\xa8\xb6\xe7\x7d"
	"\xa5\xb6\x10\x9e\xd4\x2f\x3b\x6c\x58\x36\x28\x2e\xa8\x9b\xb1\xa3"
	"\x2c\xcb\x4a\x8a\xfc\x4c\xfd\xc0\xc5\x0d\xa2\x49\xe9\x84\x0e\x56"
	"\xb9\x9b\xac\xb8\x9d\x2a\x0c\xc9\x07\x1a\x2a\xa6\x8a\xc3\xaa\x4a"
	"\xb3\x9a\x55\xa5\x13\x45\x11\x3e\xec\x12\x47\xbd\x11\x1b\xbe\xe3"
	"\x81\x1c\x9a\x03\x53\xd5\x77\xd2\x46\x8e\x6b\x5b\x67\xdd\xb0\x95"
	"\xe1\xec\x49\x41\x11\x1d\xae\x81\x72\x27\x96\x9b\xd3\x09\xd1\x2b"
	"\x00\xd2\x9e\x55\xda\x0c\xc4\xe2\xee\xdb\x2d\xde\xab\xf3\x7a\xaf"
	"\x2b\x26\xcb\xb3\xa6\x21\x67\xec\xdc\x1b\x28\xc7\x22\x30\x0c\x89"
	"\x64\x2f\xb6\xc8\xaa\xaa\x3c\x2d\xf6\xd2\x83\xcf\xbf\xf3\x29\x65"
	"\x08\xfd\x72\xe9\x4e\xbb\xf3\x0a\x15\x36\x57\x46\x10\x3f\x35\x7a"
	"\x79\x02\xf5\x57\xe7\x5e\x53\x34\xb8\x2d\x90\x5d\x8d\x18\x92\xb6"
	"\x65\x2a\x27\xa7\xf3\x93\x52\x99\xa0\x52\x7d\x13\x1b\x8d\x74\x9f"
	"\xae\xea\x04\xdc\xed\x6c\x17\xa2\xfe\x52\x54\x3d\xe5\xdb\xd9\xe6"
	"\x51\x7a\x6e\x44\x86\xb3\xc4\x3c\x17\xc7\x5c\x4f\x83\xf9\x1a\x2c"
	"\xc6\x31\x5f\x93\xa7\x85\x38\x40\xe8\x41\x4d\x49\xfd\x48\x83\x69"
	"\x4a\x13\xd8\xea\xfa\xf7\xdc\xd0\x5f\x55\x63\xa4\xc9\xc8\xf1\x6c"
	"\x4d\x1d\xfb\xba\xca\xf2\x4e\xba\x27\x3d\x75\x01\xa1\x7f\x6c\x4f"
	"\x83\xd3\xb9\x97\xcf\xa7\xdf\xff\xef\xf5\xcf\xd7\xdf\xff\x78\xfa"
	"\xf6\xfc\xf5\xf9\xfc\xf3\xf3\x71\xe6\xc3\xad\x7f\xa0\x3c\x36\xd2"
	"\xf5\xe6\xfc\x99\xf7\xff\xfd\xf1\xf8\xed\xfc\xfe\xf2\xf9\xaf\xcf"
	"\x5f\x9f\xff\xa3\xec\x51\x4b\x27\x42\xd3\xde\x2d\xf6\xa7\x60\x1d"
	"\x08\x4e\xe9\xff\x6d\x5f\x8c\x21\x05\x96\x6f\xa6\x7e\x8f\x4e\xe0"
	"\xdc\xb2\xa0\x7d\x74\xe0\xcb\xd8\x29\x84\xac\x5d\xe2\x1f\x09\x56"
	"\xbd\x8b\x96\x90\xc9\x20\x61\x17\x55\x02\x86\xb4\x79\x4a\x95\xc6"
	"\xba\x4b\xaa\x28\x7b\xef\x4d\x6e\x4e\xa8\xaa\x8d\x5c\xcc\xce\x27"
	"\x72\x3b\x3f\x47\x83\x48\xb9\x62\xe1\xd8\x55\x6c\x19\xb8\x6a\x5a"
	"\x03\x9c\xdd\x0d\x71\xd5\x67\xe6\x73\xd3\xc1\x0f\x2f\x5e\xad\x83"
	"\xfd\xfb\x41\x63\x0f\xca\x30\xc4\xf9\x9a\xd4\x8d\xc8\xa0\xef\x8d"
	"\x63\xbc\x71\xb8\x5b\x00\x5d\x6e\xf5\xc5\xa5\x7c\x84\x55\x5b\x4e"
	"\xea\xf3\x3e\xeb\xdf\x88\x33\x49\x79\x57\x9f\x1b\x38\x4f\x03\x17"
	"\x49\xa0\x0c\xa1\x3c\x93\x9e\x7e\xc9\x70\x85\xae\x80\x56\xb7\x91"
	"\x79\x7d\x72\xb0\xa3\x20\xc0\xf0\xb5\x60\x9a\x65\xc3\xf2\x59\xae"
	"\xd0\x56\x44\xbd\xfb\x11\x62\x24\x45\x6a\xa6\x6e\x72\x46\x95\xc3"
	"\x69\xfa\x3e\xc5\x35\x5f\x91\x6f\xb2\x86\x23\x96\x13\x14\x86\x47"
	"\xd6\x9a\x72\xcd\xd2\x9c\xa0\x8b\x54\x43\xe6\x7b\x98\x19\x36\x9e"
	"\xc6\xab\xc0\xa9\xd1\xdf\x14\x98\x5a\xd1\x4e\xd3\x39\xc2\x7f\xb8"
	"\x4f\xc9\x4a\x7e\x79\x48\x6d\xc7\xb2\x0d\x5f\x26\x8f\x68\xb2\xb2"
	"\x9c\x1d\x30\xde\xf1\x12\xd6\x29\xb1\x21\x21\x4d\x81\xdb\xe5\xcf"
	"\xc5\xc9\x13\xaa\x4d\x99\x37\x5c\xce\x42\x6b\xcf\x30\xef\x10\x5e"
	"\xf5\xe6\xf4\x0a\x7e\xf6\xfe\xd1\xbb\xc8\x7e\x7d\xff\xeb\xe6\xa3"
	"\xf3\xe0\xf9\xcf\x9b\xcf\x0f\xc1\x7e\xb9\xf9\xfc\x3a\xb0\x14\x47"
	"\x50\x98\x4c\x75\xa4\x2d\x28\x97\x21\x76\x67\xa9\x42\x8b\xf6\xfd"
	"\xfb\xdf\x9f\xa8\x4d\xa7\xf4\x63\x3b\xb1\xa8\x86\x9f\x83\xcf\xdb"
	"\x59\xda\x76\x0b\x33\x55\xb1\x08\xb1\xd1\x61\xa0\xb2\x89\xf9\x4e"
	"\xef\x18\x4c\x7a\x56\xbe\x55\xcf\x88\x1d\x85\x12\xde\xe4\xed\x6d"
	"\xe7\x0d\x52\x96\xfc\xf0\xf3\xe5\xc7\xdb\xe3\xfb\xf3\xcd\xeb\xfb"
	"\xe7\xcb\x8f\x3f\x1f\x17\x8e\xab\xfa\xc7\xaa\x03\xcb\xf4\x2f\xff"
	"\x52\xdd\x2f\x08\x33\x38\x3b\x2e\x4c\xf7\x87\x64\xb5\x4e\x7e\x87"
	"\xde\x66\xf7\xb0\xfa\xac\xaa\x4e\xa4\x8b\xe5\x69\x53\xcd\x1d\x85"
	"\x74\x98\x34\x24\x97\x53\xf1\xa4\x61\x30\x6f\xb0\x63\x76\x9b\xaa"
	"\x0b\xf3\x7e\xb9\x75\xee\xd3\xc4\xdc\xab\xde\x94\x4f\x08\xb5\xef"
	"\x23\x5b\x88\x05\x49\x75\x23\x76\xa1\xf0\xdb\x8d\xba\x08\x77\x62"
	"\x4f\x87\xb8\xa6\x9a\x70\x1c\x3b\x30\x70\xd2\x3e\x2a\x40\x13\x44"
	"\xbe\x9e\x59\xdc\xde\x6e\x52\x5d\x61\xe1\x0c\x5b\x59\x56\xe9\x7f"
	"\x02\xba\x2a\x12\x2b\x68\x24\xf2\x84\x04\x9e\x1d\x18\x49\x91\x67"
	"\x1b\xea\xb6\xeb\xd3\x86\x0f\xa2\x91\xeb\xb8\x66\x8e\xeb\x9a\xde"
	"\xd5\x86\x98\x54\x79\x21\x25\xcc\x40\xa8\x1b\xdb\xb1\xf5\x9c\x32"
	"\x3b\x71\xe4\xe8\x7e\xe4\x40\x94\x08\xd0\xe0\x60\xba\xa6\x52\x5c"
	"\x7f\x5e\x30\x5e\x9d\xc8\x09\x71\x03\x79\x61\x1d\xca\xdb\x8d\xa1"
	"\x39\x2b\x31\xa5\x78\x86\xc6\xa4\xce\x99\x57\x87\x64\x8f\x85\xe0"
	"\x18\x99\x2d\x37\xbe\x2f\x21\xb5\x6d\xb7\x86\x56\xdf\x20\x8e\xe8"
	"\x27\x93\x1a\x3a\xf7\x88\xf9\x0c\xa2\xaa\xce\x2e\xc3\x87\x34\x21"
	"\x3b\x11\xcc\x85\xcb\x85\xe3\xa6\x06\x02\x72\x65\x35\x12\x92\x6a"
	"\x83\xd8\xf2\x8c\x94\xdd\x16\xd1\x20\xbc\x30\xb0\x80\x93\x33\xc6"
	"\x99\x9a\x48\x87\x5c\x8c\x69\x8a\x38\x26\x1c\x69\x52\x66\x23\x89"
	"\x81\xc5\xf2\x34\x3b\xe5\x25\x16\x6c\x70\xe4\x71\x8a\x4c\xbe\x97"
	"\xf7\x49\xbd\x13\x3d\xe7\x44\x9a\x26\xaf\x0c\xaf\xa2\x64\x27\x95"
	"\xaf\x0c\x05\xaf\x49\x92\x55\x88\xb7\xdb\x39\x6b\x43\x10\x7d\xa6"
	"\x0b\x8d\xe7\xe5\xce\x58\x05\xa7\x3c\x15\x3f\xf4\xa4\x87\x7d\x56"
	"\xee\x0f\x86\xae\x42\x98\x6f\x21\x11\x00\x46\x0e\x2c\xe2\x07\x65"
	"\x4c\xee\x91\xd2\xd6\x64\x62\x86\x34\x4b\x16\xe2\x0b\x86\x2c\x1d"
	"\xfc\x8f\x68\xcd\x24\xce\x94\x97\xb4\xbd\x58\x33\xac\xed\xf3\xe5"
	"\xbe\xf7\xe5\xcd\xea\xb9\x93\x98\xee\x19\x39\xcf\xb0\xa4\xc9\x32"
	"\xb1\x47\x4b\x0a\x7a\x74\xd6\xb2\x87\x74\x3b\xd4\x79\x51\x92\x74"
	"\x95\x11\xcc\x24\x1b\xb9\x8d\x5b\x86\x90\xb8\xe4\xa4\x73\xf1\x32"
	"\xc9\x85\x15\x53\xc1\xbd\x2f\x2c\x6c\xd4\xa6\xce\x6f\xe4\xef\xee"
	"\xe4\x32\xc9\x92\x69\x7d\x4f\xa1\xbc\x9e\xed\x0e\x26\xd0\x8e\x4f"
	"\xb7\x69\x13\x60\x4f\x4a\x21\xf2\xee\x94\xd8\xed\x46\xfc\x98\x1b"
	"\x94\x8d\x98\xe2\x7a\x61\x49\x63\x59\x93\x93\x42\x0c\x36\x21\x99"
	"\x79\x9a\x59\x77\x52\x19\xb8\x94\x9a\xcf\x95\x50\xba\x54\x92\x86"
	"\xb6\xd7\x6a\xb2\x96\x87\x6a\xb0\x32\xac\x9a\x73\x41\xdc\x50\x62"
	"\x23\xee\x40\x7b\xb1\xd4\x6d\xad\xf3\xe6\xc0\xb1\x15\xb8\x2f\x26"
	"\x15\xd2\x89\x36\x9f\x5d\xed\x10\x2d\x0c\x17\xfe\x59\x56\x63\xee"
	"\x64\x2e\x2c\x9e\x17\x5c\x27\x57\x4d\xa8\x69\x06\x07\x32\x8d\xb6"
	"\xa2\x72\xe9\xf8\x9e\x67\x8e\x86\x25\x96\x51\x31\x93\x95\x3d\x53"
	"\x47\x6c\xf9\x97\x58\x83\x4b\x6f\x77\x42\x4a\xd3\xe5\x71\x9f\x11"
	"\xd4\x17\x4d\xc7\x48\xa8\x6d\xe9\xde\xd2\x64\xbb\x43\x01\xb6\xcc"
	"\xa0\xef\xc3\xf3\x04\xed\x5d\x07\xe5\x76\x6c\x29\xd1\xf6\x45\x4f"
	"\xb6\x91\x1f\xea\xfa\x73\x7d\xa2\xe6\x26\x04\xd2\x31\xc7\x56\xf3"
	"\x49\xdb\x35\x15\x27\xcd\x3d\x28\xa6\x9a\x9a\x30\x6d\x0b\x57\x3b"
	"\x1a\x72\x0a\x5e\xc6\x0f\xda\x1a\x25\x2e\xa6\x19\xde\x4f\x6c\x32"
	"\x92\x00\x0c\x83\xb3\x58\x44\xc9\xbd\x86\x9a\x36\x47\x27\xb0\xda"
	"\xbe\xf2\x99\x89\x19\xf8\x57\x33\x43\x2d\xb3\xa1\xb9\xa7\x76\x8c"
	"\xba\x7f\xfc\xf1\x2c\xdd\x8d\xe6\xbf\x57\x37\x83\x1f\x9d\x71\x01"
	"\x59\x84\x41\x95\x09\xf0\x37\x6a\x15\xd4\x31\x20\x76\xc8\x2d\xe6"
	"\x78\x44\x32\xea\x24\xaf\x99\xa3\x0c\xca\x02\x70\x91\x6f\x04\xbc"
	"\x7e\x75\x43\x4e\xba\xd7\x76\xf6\x77\x8b\x8c\x97\x6f\x66\x0e\xc5"
	"\xec\xdf\xfb\x6c\x9a\xc4\x90\x07\xa9\x37\x7a\x42\xb7\xc1\x63\xd8"
	"\xed\x5c\x86\x85\x57\xdb\x11\x9a\x29\x7d\xfc\x26\x5f\x1f\x7f\x3c"
	"\x3e\x41\xd4\xf0\x55\x6c\x9c\xc5\x25\xfb\x51\x79\xe7\x58\xe6\x6d"
	"\x1c\x9d\x6b\x3e\xd7\x17\xeb\x9c\xaa\xc8\x64\xf4\x63\xc4\x72\x55"
	"\x76\x7e\x9c\x52\xcc\x1b\x4e\x59\x3d\x54\x98\x52\xf6\x79\xc7\xd4"
	"\xdb\x0b\x19\xe6\x42\x08\xb9\xca\x30\x36\x45\x2a\x16\x37\x19\xda"
	"\x03\x22\xa2\x2c\xa2\xc2\x2c\xfc\xcc\x77\xbe\xa0\x5e\x7e\xbc\x3e"
	"\xbe\xad\xad\x5b\xfb\x2f\x90\xf1\x07\x16\x86\x33\x3d\x14\x39\xf3"
	"\xc5\xa9\x8b\x4f\xf4\xf1\xfe\x9b\x04\x7e\x76\xf9\x4a\x4b\x5b\x85"
	"\xbd\x77\x9f\x07\xf4\xf7\x73\x5d\x58\xb6\xa5\xab\xc6\x91\x65\xeb"
	"\x58\x43\x51\xa5\x1b\x46\xd0\xa1\x41\xae\x91\x7b\xba\x4a\x6f\x77"
	"\x86\x48\xaf\x6e\xec\xec\x19\xb3\xe8\x88\xff\x76\x3c\x04\xee\x2d"
	"\xa9\x27\xf2\xa5\x9b\x5c\x9c\x6c\x48\xdf\x71\x32\xe6\x96\x85\x3c"
	"\xbf\x17\x52\x8f\xaa\x9c\x94\xb4\x2e\xee\x99\x76\x42\x69\x75\x14"
	"\x78\x7f\x91\x2b\x43\xa9\xf6\x8c\xb9\xc3\xc6\x49\xe2\xe4\xcb\x96"
	"\xb9\x7e\x41\x3a\xef\xf0\x69\x49\x52\x22\x6a\x46\x23\xc3\x0e\x72"
	"\x16\xb6\xda\xb2\xf7\xf3\xd6\x17\x4e\x76\x68\x7c\xbb\x39\xd5\x44"
	"\xcb\xb7\x6d\xd0\x06\xda\x3a\xed\x95\x98\x6a\x66\xcc\x4c\xcc\x87"
	"\x3a\xb8\xa9\x1d\x1d\xbc\x65\xc5\xb9\xa8\x4d\xef\x10\xbf\xb2\x96"
	"\x94\x62\x35\xcb\x77\x79\x22\x46\x7d\xa3\x63\x4b\x5f\x98\x98\xa4"
	"\xcd\xef\xe1\x2a\xa3\xe4\x6a\x31\x69\x7f\x4c\x20\x5a\x3c\x72\xe3"
	"\x42\x73\x90\xfe\x53\xb5\xb1\x3f\x38\x7f\x15\xe0\xdc\x82\x77\x4c"
	"\x94\xde\xda\xc5\xbc\xbe\x98\x9d\x56\xb4\xd1\xc2\x75\x85\xf4\x6e"
	"\x91\xd8\x29\x9d\x06\xa0\xba\x6f\x4a\xd0\x55\xac\x21\xfa\x0b\xad"
	"\x8b\x9c\x2c\x0c\x8f\x07\x06\xc9\x8b\x2e\x6e\xef\xbd\xa8\x43\xb6"
	"\xbc\xd5\xc2\xc9\x8b\xb3\xe3\x9e\x01\x3e\x25\x3b\x4f\x4c\xbd\x57"
	"\x97\xd9\xbd\x7c\x5d\x83\x19\xe2\x7a\x16\xee\x3d\xed\x3c\x29\x16"
	"\xab\x89\x9b\xc6\x93\x2e\x3a\x15\x4f\xc4\x9f\x9a\x22\x9e\x81\x8f"
	"\xa8\xe0\x21\xba\x73\x71\xbf\x51\x2a\x77\x0d\xed\xd3\x1c\x98\x3c"
	"\xf9\xe6\x63\x04\xb0\xee\xf0\xdb\x49\x14\x97\x11\xd3\xa8\x4f\xe2"
	"\xc7\x59\x9e\x95\xe5\xe5\xb6\x9a\x27\x43\x9b\x10\xbe\x48\xdb\x0b"
	"\xaa\x3c\xc7\x9f\x24\x52\xa9\x58\xd3\x29\xfd\xfe\xfd\xf6\xf9\xfa"
	"\xfd\xed\xe5\x97\xa8\x20\x78\x79\xf2\xf5\xf5\xbb\x6a\x71\x81\xc7"
	"\x48\xb3\xe9\x84\x09\x19\x9e\x3a\x2b\x11\x43\x9a\xfe\x0d\xb8\xd6"
	"\xf4\x85\x20\xfe\xd6\x32\x0a\x9e\x78\xae\x15\x68\x39\x75\x42\x62"
	"\x1f\xb9\xd0\x9f\x73\x7e\xe9\x39\x79\x99\xf0\xa6\xd0\x72\x30\xf5"
	"\x6e\xc0\xd3\xec\xda\x5c\x68\xd1\x26\x75\xa1\x3a\xad\x07\x46\x1f"
	"\x6a\x0d\xe4\x8d\x69\xaf\x18\x65\x63\xf0\x8d\x7f\x69\xa0\xbe\xab"
	"\xdf\x30\x0a\xe9\x5f\xc1\x37\x3e\x04\xe1\xfa\xf1\xf1\xf6\x06\x5d"
	"\x7e\x7d\x81\x26\x1b\xb2\xc8\x6d\x1f\xd1\x09\x19\xf1\xc0\xd5\xe3"
	"\xad\x06\xa7\x69\xe8\x07\x3a\x18\xfc\x44\xa0\x78\x1e\x59\x1a\x10"
	"\xf3\xf2\x09\x60\x9d\xe7\xad\x87\xa2\xa5\x3c\x7a\x74\x50\x9c\xe5"
	"\xcc\xf7\x63\x5f\x87\x07\x88\x76\x4e\x0f\xc7\x01\xde\x9f\x8f\x88"
	"\xca\x58\x8f\xd5\x73\x77\x4d\x97\xd9\xe0\xbf\x3f\x3f\x5f\xbe\xdd"
	"\xfc\x01\x61\xc3\xba\xd6\xbc\xf9\xc7\x37\xd1\xcc\x6f\xff\xbd\x79"
	"\xf9\xf6\xc7\xcb\xf3\xf3\xcb\xf3\xcd\xef\x3d\xeb\x37\x21\x29\x3e"
	"\x89\x01\xfc\xcf\x65\x83\xf7\x3e\x22\xd0\xf7\x27\x60\xc3\xa0\x1d"
	"\xaf\x69\xc6\xf2\x5d\x29\x83\x0a\xaa\x5c\xfa\xa1\x5c\x44\x3f\x0b"
	"\x68\x19\xcd\x8e\x0e\x32\x08\xba\xe5\xc7\x9f\x4f\x5b\xa8\xf0\x06"
	"\xa0\xb6\xf4\xa5\x58\x39\xd2\xfc\x16\xc5\xab\xd5\x9d\xcc\xbc\x5b"
	"\x25\xc4\xfc\xd5\x75\x4b\xb4\x9f\xdb\xdc\xba\x2d\xe6\xb4\x4d\x48"
	"\xaf\x8e\x67\x5b\xfd\x4c\x3f\xef\x55\x1d\xa4\xe9\x75\x94\x23\x1e"
	"\x87\x00\xee\xed\x45\xf0\x6e\xd9\x89\x5e\xeb\xdb\xfa\x5f\x62\xc9"
	"\x7c\x17\xbb\x0d\xc1\xf9\xbd\x9b\x5c\x1e\x9f\x1f\xbf\x7f\xe2\x93"
	"\x4a\x9a\x57\xa0\x6a\x70\x70\xf0\xc2\xf4\x61\xca\xc4\x8e\x7a\xb7"
	"\xe7\x78\x45\x55\x9b\x8a\x6f\x0f\x0f\x0f\xe7\x8a\x21\x81\x5f\xe5"
	"\x97\x11\x21\x9f\x88\x0d\x18\x4e\xc8\xcb\xfb\x65\x3c\x56\x59\xe8"
	"\xea\xf3\x6b\xb7\xda\xf5\x1f\x36\x19\x5b\x13\x57\x44\xbd\x00\x54"
	"\x67\x59\x7a\xbf\x6a\x14\x7e\xd8\xe0\x2d\x52\x90\x63\xa6\x19\x1c"
	"\x70\x08\x8e\xc7\x6e\x1a\x29\xa4\xd8\x55\x06\x8a\x5a\xc4\xe8\x02"
	"\x42\x4e\xf4\xa2\x72\xd4\x91\x1e\x60\x5d\x90\xf7\xd1\x1f\x74\x9d"
	"\xdf\xd0\xc7\x9f\xd0\xce\xc9\x65\x1d\x49\xd7\x4d\x2e\x1d\x1a\xcb"
	"\x0d\x80\x5a\x38\x06\xb8\xed\xfc\x1e\x77\x06\xc1\x28\x4d\x67\x86"
	"\x05\xb8\x6e\xf2\xea\x3e\x6e\x98\x6e\x50\x0a\x3a\x39\x00\x08\x9b"
	"\x02\xf5\x6d\xc6\x10\x2b\x67\x2b\xa3\x6c\x9e\xcb\x03\xdd\x88\x9a"
	"\xb2\xe7\x8f\x57\x5d\x4f\x43\xb3\x17\x9b\x6c\xc7\xc1\xd1\x96\x38"
	"\xd8\x86\x6c\x84\xd1\x79\x05\x28\x83\x75\x0a\xd2\xbc\x62\xfe\x08"
	"\xbc\xb9\x6e\xba\x4c\x4e\xec\x48\x2c\x67\x16\x5e\x32\xed\xcc\x01"
	"\x84\x16\x8d\x08\x2f\xd1\xd5\xbc\x32\x83\x1f\xee\xcb\x3b\x5a\x9f"
	"\x77\x77\x8b\x9a\x1f\x3b\x61\xfd\xe3\xe3\xf3\xe3\xe9\xe3\xad\xef"
	"\x8d\xab\xbe\x27\xfe\x60\xea\x2d\x00\x43\xec\x3d\x19\x48\x70\xe9"
	"\x6a\x7f\xfe\x8d\x45\x16\x38\xad\x85\xe2\xf8\x50\x96\x1d\xef\xbe"
	"\x24\x14\xf3\xf4\x5a\x23\x87\x50\x7b\xc4\xd1\x69\x3d\x77\xe6\xda"
	"\xc9\x75\xbc\xbe\x79\x7a\xfb\x78\xfa\x8f\x4a\x22\x17\xe0\xd9\xf6"
	"\xa3\xa8\x0b\x9b\x80\xa9\x5b\x75\x56\x81\x37\xa0\x2e\x54\x66\xfc"
	"\x54\x35\xd2\xcc\x49\xee\x0f\x19\x27\xb4\x06\x77\x7d\x13\xbd\xab"
	"\xc7\xe7\xe7\x57\xd0\xc6\x12\x13\xbf\x7c\xf1\xcf\x7f\x5d\x66\xc4"
	"\x5e\xb4\x1d\x66\x8a\xfa\xf5\x7d\x22\x6a\xfe\x9c\xf1\xba\x0d\xc6"
	"\xe4\x39\xf1\xbf\x75\x48\xdc\x0b\xb0\x8c\xb7\xa2\x11\xa2\x7b\x0c"
	"\x84\x48\x2d\x4e\x93\xda\x71\x19\x12\x61\x60\x20\x31\xf1\xf9\x88"
	"\xc6\xe5\x48\x69\x6d\xdf\x52\x2d\xdc\x23\x61\x3c\xf4\x5a\x00\x4b"
	"\x97\xc3\xf3\x74\x38\x52\x0b\xbc\x65\x74\xa4\xee\x3a\xe8\xc8\x34"
	"\xef\xa3\xb0\x5f\x24\xeb\x6c\x13\xe6\x85\x45\xec\x4c\xaa\x59\xe4"
	"\x35\xb3\x08\xad\xb6\xab\x3b\x93\xae\xbe\x97\xd3\xe3\x34\x32\x8d"
	"\xf4\xd4\x3e\xee\x16\xbb\xa0\xbe\xdf\x1e\xbf\x7f\x17\x62\xa7\x7c"
	"\x4c\x21\x0d\xc8\xe7\x42\x31\xe9\x48\x93\x58\xf5\xd9\x72\x3d\x1e"
	"\x91\xe3\x78\x7a\x22\xf5\x06\x87\xb7\x1c\xfe\xc1\xce\x39\x25\x65"
	"\xec\x69\x3a\xe1\xad\x63\x36\xe8\x1a\x21\x71\x2a\xc6\xd8\xa1\xc6"
	"\x71\x31\xcb\x07\x36\x0e\x8b\x5a\x4c\x90\x9b\x49\x89\xb7\x50\x52"
	"\x0d\xac\x16\xd2\x60\x7f\x20\x8b\xfd\xf2\xeb\xbb\x18\xe1\xaa\x66"
	"\xd0\xe9\xba\xf5\x84\x52\xf3\x59\x52\x7b\xca\xb2\x0c\x04\xc4\x69"
	"\x5b\x57\x31\xb0\xf5\x56\x4a\xbe\x03\x5c\x04\xbe\xe3\xad\x22\x22"
	"\x75\xf7\x78\x9a\x8c\xd7\x03\x73\x8e\xf3\x3a\x4f\x9c\xc8\x5e\x9f"
	"\xa7\xd3\x6d\xba\xae\xb5\xf9\x37\xf5\x23\xac\xdf\x5c\xe7\xa6\x4a"
	"\xde\xf0\xa8\xd5\x56\x41\x7e\x96\xae\xd8\x10\xe5\xb9\xee\x1e\x31"
	"\x4d\x5c\xc7\x6e\x95\x6b\xa1\xe1\xf5\x62\xa8\xd9\x81\x67\x6a\x44"
	"\x4d\xef\xa4\x89\xeb\x46\x91\xa6\x95\xeb\x9c\x55\x88\x63\xfd\xae"
	"\x7f\x36\xc4\xf6\xe6\xf1\x3e\x3b\x55\x55\x21\x7d\xe3\x85\x3f\xa9"
	"\x8b\xd4\x85\x5a\x23\xea\x49\x50\x62\xc3\x31\xe1\xe2\x11\x99\x3c"
	"\xc4\xb9\xd6\x64\xdd\xf1\xd0\xf1\xbe\x24\xc1\x7f\x39\x76\x64\x3c"
	"\x25\x17\x3c\x71\x62\x24\xa0\xe8\x94\x77\x6d\x7e\xf8\xa4\x30\x65"
	"\x69\xa6\x96\x35\xad\x4b\xaa\xb6\x5b\xcc\xcb\x22\x70\x9a\x4c\xc6"
	"\xe8\x40\x5c\xea\x77\x99\x42\xc0\x9c\xe2\x7e\xdd\x06\x5d\xba\xc6"
	"\x6e\xab\x06\x1b\x7c\xa0\xa2\x2e\x77\x65\x58\xf5\x14\x8c\x1c\xb8"
	"\x58\x1f\xee\x11\xc3\x69\xc6\x35\xd9\xf4\x8f\x9e\x53\xe6\x84\x48"
	"\xbf\x9e\x51\x6c\x33\xc5\xd1\x52\x8a\x6c\x57\x89\xcd\xa8\xab\x25"
	"\xb1\x0d\x12\xc3\xb1\x0b\xa3\x84\xe2\xc3\xf3\x9b\x3b\x07\x0d\xe1"
	"\x31\x70\xc4\x58\xb7\xc3\x85\xef\x1d\x8c\xe4\x68\x4b\x23\x48\x51"
	"\x6c\xb9\x5a\x4e\x51\x47\xa1\x13\x6a\x29\xe8\x30\xbb\xbc\x07\x8f"
	"\xe0\x34\xbe\x87\x27\x6e\xe0\xdb\x5a\x4e\x17\x07\x4f\x5a\x85\xb4"
	"\xb6\x17\x20\xe7\x8f\x03\x5b\xd4\xa5\x67\xfb\xad\x99\x13\x5b\x46"
	"\x8e\xe3\x87\x46\x4e\x88\x1c\xb7\x4e\x38\x7e\x64\x78\x17\xa3\x1b"
	"\xd7\x0b\xb5\x2d\xbb\x23\x87\x5d\xd6\x4d\x44\x9e\xbe\x53\x37\xdc"
	"\xb7\x5c\x7d\xeb\x36\x3c\x5e\x18\xc3\x8d\xd7\x44\x74\xe1\xf7\x11"
	"\x12\xce\x47\xc4\x1b\x7d\x87\xf6\x07\x1f\x8b\x9d\x6a\x77\xc3\xfd"
	"\xf8\x29\x84\x48\x95\x28\x39\x06\x72\x4e\x43\xd7\xf6\xf4\xb1\x9e"
	"\xd3\xd0\xbb\x86\x12\x19\x28\xd4\xb6\x1c\xfb\x0a\x8e\x7f\x05\x27"
	"\xb8\x82\x13\x9b\x39\xae\xb1\x3c\xb1\xe3\x19\x22\x61\xa7\x5c\xd4"
	"\xa0\x99\xe3\x5d\xc5\xb1\xcd\x9c\xc0\x31\x73\xc2\x2b\xde\x15\x1a"
	"\xea\x99\x25\x61\x60\x6a\x2f\x79\x88\xa7\xa7\xf0\xb6\xd6\x67\x92"
	"\xb2\xc0\x10\xb3\x1c\x62\x86\x1b\x4a\x92\xfb\xb7\xa0\x79\xa1\xe5"
	"\x6c\x43\x3b\xb2\xfc\xad\x91\x13\x39\xdb\x9d\x81\xe4\xbb\xa1\xcf"
	"\xf4\x1c\xce\x78\x76\x00\x53\x46\x3d\x6f\x57\xf8\x76\x84\xea\x1f"
	"\x8c\x1c\xc7\x32\x71\xc2\xc0\x22\x26\x86\xbe\xe7\x74\x7b\x3f\x44"
	"\xef\x7b\x20\xed\xf3\x7d\x60\xbb\xfa\xf6\xca\xc1\x25\xd3\x09\x73"
	"\x78\x3f\xb2\x78\x14\x6a\x09\x5f\x12\x4f\x5f\x60\x21\xa6\x34\xb6"
	"\x63\xe8\x3c\x32\x98\x2f\xe6\x86\x74\xe0\xc8\x69\xdd\x37\x73\x62"
	"\xcb\xc4\x11\x6b\x9f\x6d\xe4\x38\xb6\x6f\xe6\x38\x8e\x99\xe3\x5d"
	"\x91\x4f\x60\x5d\xc1\xd1\x97\x19\x16\x7e\xdb\x36\x73\x02\x2b\xf0"
	"\xcd\x24\x3b\x36\x73\x82\xc8\xc8\x89\x43\x13\xc5\xb5\x43\x43\x25"
	"\x42\x44\xfb\xc0\x8d\xcd\x1c\xef\x8a\x7c\x7c\xcb\xcc\xb9\xaa\xd0"
	"\x86\x5e\x46\x93\xda\x35\xad\xa4\x3c\x09\x7c\xd3\x92\x9d\xa0\xfa"
	"\x4a\x7d\xcf\xa0\xc8\x4d\xf5\x85\x60\x58\x67\x04\xc1\x98\x83\x6f"
	"\x22\x84\x26\x42\x64\x20\x44\xa6\x42\x46\xa6\x42\x46\xa6\x42\x46"
	"\xa6\x42\x9a\x26\x0e\x21\x67\x98\x08\xa6\x42\x8a\x0d\xb2\xeb\x99"
	"\x39\x9e\x7d\x05\x47\xff\xbd\x75\x12\x85\xae\x61\x5a\x01\x8e\xe7"
	"\xe8\xab\xa5\xe4\x70\x8d\x9a\x35\x34\x67\x1c\x55\x05\xeb\xa9\x09"
	"\x17\x73\x82\x6b\xe4\x84\x86\xfe\x24\x38\x62\xdf\xea\x18\x39\xb1"
	"\xe5\x19\x3e\x6f\x1b\xf9\x31\x72\xcc\x42\x31\xad\xb5\xf1\xe9\x13"
	"\x35\x2e\xb4\x6c\xcf\x0d\xab\x84\x60\x18\x66\x01\xc1\x70\x7f\x99"
	"\x18\x89\x21\x0f\x8d\xee\xc6\x28\xa0\xd1\xcc\x0e\x5d\x7d\x63\x67"
	"\x34\x59\x9e\x64\xa9\x38\x8e\x6d\xe6\x04\x27\xc7\x32\x14\x9a\xb2"
	"\xc4\x0b\xe9\x75\x24\xc3\xd0\xeb\x68\x1b\xd7\x30\x75\xb3\x64\xef"
	"\x07\x6d\x0b\xba\x62\x26\xc9\x47\x52\x9d\x2b\xb2\x73\xf5\xdb\x1c"
	"\xc6\x39\x0b\x7d\xd3\x47\xd2\x20\x30\xed\xa8\x12\xdb\x89\xd2\xc8"
	"\xb8\x81\x63\xb6\x65\x9b\xb2\x62\x61\xe4\x44\x66\x4e\x68\xd8\x58"
	"\x88\x46\x8e\x4c\x22\x7f\x49\x1c\x2b\x36\x52\x0c\x8b\x9c\xa0\xb8"
	"\x8e\x71\x31\x0d\xf5\xb3\x01\xdf\xd3\xc4\xb0\xfa\x73\x5a\xdb\x86"
	"\x79\x47\x52\x5c\x33\x25\x32\x51\x3c\xc3\xe8\x00\x8a\xe1\x93\x8f"
	"\x39\x09\xa2\x40\xbf\xa1\x38\x72\xdb\x31\x08\x85\x47\x0e\x8e\xbf"
	"\xb4\x94\x53\xe4\x86\x91\x9d\x1a\x39\xf1\x35\x1c\xe7\x0a\x8e\x6b"
	"\xa6\xf8\x26\x4a\x11\x46\x3e\x67\x57\xb0\x82\x72\x67\x62\x89\x99"
	"\x60\xbf\xbd\x82\x94\xed\xb7\x1a\x4d\x0a\xb8\xe3\xbc\xac\xa5\x13"
	"\xab\x46\x48\x23\xc5\x2a\x01\x94\xc4\x9a\x5d\x56\x82\x61\x48\x7f"
	"\x72\xdd\x05\x27\x3c\x53\x76\x51\xee\x1f\xc8\xc3\xb9\xd4\x22\xb9"
	"\xda\xae\xd3\x20\x8e\x20\xe8\x25\x83\x47\xdc\x9a\xad\xf1\x21\x8c"
	"\xdf\xae\x82\xa8\xe6\x59\x7d\x3e\xe5\x2c\x9b\x87\x02\x5a\x13\xb7"
	"\x24\x6f\xc4\x5a\x85\x69\xa2\xa8\x1e\x01\xfb\x9b\xce\xfc\xf8\xea"
	"\x47\xfa\xfb\x11\xf0\x92\x44\x30\x81\x64\x78\x0e\x2f\x95\x82\xa8"
	"\xfd\x4e\x20\x80\x9a\xce\x19\xd5\xd5\x99\x32\xd5\x9f\xa5\x20\x2e"
	"\x3e\xe6\xd2\x10\x49\x7d\x98\xf4\x8a\xcb\xd9\xa4\x8c\xee\xd9\x03"
	"\xaa\x40\x83\xd9\x71\xdb\x64\x77\xeb\x0e\xb5\x9b\xe5\x37\x7a\x86"
	"\xa9\x75\x5d\x0f\xac\x13\xf3\xf9\x49\xe7\x5d\xd5\xe4\x77\xaa\xf7"
	"\xcb\x53\x4b\x92\xd4\xf9\x4d\x5e\x72\xd7\xb3\x5a\xd0\xa7\xf8\xf1"
	"\x6d\x66\x07\xd4\x5d\xe8\x3d\x7e\xfb\xf9\xf7\xfb\x5f\x0a\x78\xae"
	"\x79\xb6\x2a\xd7\xa0\x37\x90\xd4\x54\x55\x33\xd3\xab\x13\xbc\x7e"
	"\x4e\x84\x27\xfb\x74\x6a\x7e\x3d\xa4\xac\xa2\x39\x8e\x40\x59\x9d"
	"\xc8\x7d\x75\xe0\x9a\xec\x7a\x4b\x85\x2e\xb8\xfb\x25\xf4\xe5\x3a"
	"\xaf\x55\xe0\x77\x59\x27\xa7\xc7\xcf\xa7\xaf\xcf\x1f\x7f\xad\xdd"
	"\xbe\x5c\x66\x99\x6a\xcb\xc7\x6c\xf0\x9b\x48\x2d\xa3\x37\x33\xd1"
	"\x72\x1e\xf2\xbc\x01\x95\x4c\x2d\x49\x9a\x43\xd5\x91\xe5\x5f\x41"
	"\xdb\x30\xa2\x67\xf5\xfa\x6d\x4a\x92\x4a\x49\x74\xdd\x84\x66\x84"
	"\xed\x0f\x3c\xad\x4e\xc3\xdd\xde\xdc\x4f\xbb\xbe\x78\x70\x20\xe0"
	"\xb6\x86\x5a\x23\x45\x4e\x43\x21\x77\x9d\x4f\x29\xa2\xd8\x19\xb8"
	"\x96\x95\xb1\x0d\x4a\xa0\x59\x79\x26\xce\x2a\x83\xe1\x0a\xfe\xb7"
	"\x3f\x1e\x7f\xbe\x3c\x5f\x3a\x4a\xf2\xf8\xe3\x79\xd6\x3f\xc0\x88"
	"\x33\xd1\x96\x51\xe4\xbc\xd0\xa3\x1b\xee\xa8\x8d\x99\x0b\x8e\x3a"
	"\xf3\x79\xef\xad\x7f\xbc\x7c\xbe\x7e\x7b\xf9\xf8\xfb\xf3\x66\xf7"
	"\x21\x3a\xf0\xfb\xc7\xd2\x79\x55\x3f\x0a\xea\x26\x03\x0d\xac\xea"
	"\x20\x67\x74\xd5\x7a\x09\x26\xfc\x15\x63\x79\xe7\x82\xae\x9b\x38"
	"\x3e\xde\x5f\x9f\x7e\xde\xb0\xd7\xb7\xd7\xa7\x8f\xf7\x9b\xcd\xe3"
	"\xd3\x7f\xbe\xbf\x3d\xbe\xbf\xcc\x46\x09\xdb\xa8\x7d\xeb\x91\x69"
	"\x76\x53\xff\x7c\x64\xad\x1f\x01\x26\x21\x7f\xfe\xfd\xfe\x04\x8a"
	"\x60\x6b\x6f\xf0\x43\x7b\x6d\xd3\xd5\x8c\x01\x69\x24\xe1\x51\xec"
	"\xf9\x6a\x99\x4c\x12\x98\x1b\x22\xf2\xd8\x00\x23\xc7\x61\x35\x95"
	"\xd3\x5b\xed\xfb\xc8\x61\xaa\x7c\x9e\x70\x27\x0a\x2d\x4d\x9c\x24"
	"\x20\x49\xbf\x03\xdb\x22\x6b\x17\x96\x43\x0a\xd6\xbe\x48\x10\x9f"
	"\x26\xc0\x11\x35\xe8\xc7\x16\x22\xbd\x4b\x42\x1a\xfb\xa1\x4d\x4f"
	"\x47\xfc\x35\x6d\xed\x58\x2d\xa8\xf5\xa2\x14\x70\x80\x7e\xce\x54"
	"\x06\xf2\x80\x8e\xfa\x2a\xb3\x67\xba\xd4\x65\xb6\x6b\xc2\x42\x5d"
	"\x58\xbe\x0e\x54\xc9\x90\x3d\xd4\x88\xbb\x06\x3c\x32\xe0\x4a\x27"
	"\xbd\x17\x74\x66\x70\x2d\x5b\x3e\x25\xb1\xe5\xe2\x15\x0d\xb0\xef"
	"\xa0\xa1\x76\x26\x14\x5d\x4d\x4b\x8a\xaf\x85\x91\xfb\x89\x11\x76"
	"\x75\x30\xe6\xc5\x42\xc2\x45\x89\x67\xdd\xaf\xfe\x45\x4d\x18\x43"
	"\x49\x34\xb1\x21\x26\x92\xb6\x12\x06\x8e\xae\x16\xf6\x79\x20\xb6"
	"\x5e\xb2\xda\xd5\x37\xba\x1c\x94\xf9\x59\x9e\xb8\x28\x2c\xb2\x5f"
	"\xd8\x38\x5d\x2c\xbd\x6b\x01\x23\x56\x3c\x80\x61\x16\x3e\x50\xb2"
	"\x2f\xa4\x7c\x38\x27\xb4\xc2\x62\xb9\x01\xe7\x36\xa3\xd8\xab\x01"
	"\x8e\xa2\x9a\x46\x96\x65\xc0\x7d\x3d\x1e\x58\x78\x4f\x94\x0a\x08"
	"\x3e\x72\x22\xdc\x13\xc2\x30\xd0\x4c\x62\x1d\x21\x0a\x0c\x84\xd8"
	"\xd5\x13\x22\xcf\x45\xc7\x3e\xc0\xc1\xc4\xc0\x66\x4c\x0d\x2d\x7f"
	"\x3d\x95\x80\x2a\x88\xf6\x7b\xa2\xd8\xf1\xf5\x78\x6c\x78\x3e\x8e"
	"\x70\x9c\x07\xae\xee\xf1\xac\xdc\x3a\xf6\x86\xaa\xfb\x6a\xf6\x20"
	"\xed\xff\x6a\x7c\x36\xd2\xa2\xc7\xbc\xce\x1a\x69\x70\x89\x52\xc4"
	"\x62\x7e\x40\xc1\x3a\xd9\xfa\x62\x4e\xc0\x5b\x4a\xa1\xf8\x37\xc7"
	"\x39\xc3\x0d\x00\x3a\x02\xaa\xc9\x31\x3e\x8f\x39\x92\x97\x84\xc4"
	"\xe7\x7e\xa4\xc9\xe0\x36\xb2\xf0\xb6\x69\x4a\x9f\x07\xf3\x33\xb9"
	"\x09\x0a\xfb\x7d\x95\x94\xc0\x1c\x5a\x33\xfc\x29\x89\xc6\xf3\xce"
	"\x29\x13\x1d\x4b\x95\xd3\xc6\xc2\xe7\x4d\xf0\xb0\x61\x21\xc7\xe4"
	"\x12\xcf\xbd\x30\x68\xf5\xe2\x02\xa3\xbe\x85\x4b\x2c\xec\xf6\x3e"
	"\x12\xe3\x5d\x53\x04\xca\x90\xd0\xcf\x9b\xd6\xb7\x0c\xa2\x0a\xe3"
	"\xb4\xce\xb0\x7a\x92\xfa\x7a\xcb\x1a\x29\x6a\x37\xf6\xf0\xe6\x04"
	"\x9d\xad\x08\x6f\x4f\x9e\x9f\x0b\xaa\xe9\xce\xa4\xa0\x88\x77\x5d"
	"\x5e\xb3\xc0\xb6\x10\x9d\x2a\x00\x7d\x4c\x57\xbb\x03\x43\x7c\x0c"
	"\x74\x04\xcd\x7c\xd8\x11\x62\x4b\x4f\x70\xec\x50\xfb\xdd\xa2\x66"
	"\x34\x02\x46\xcf\xf0\x03\xdf\xf4\x96\x48\x4f\x88\x02\xc3\x97\xc6"
	"\xb6\x65\x22\xe8\xa5\x98\x91\xa4\x13\x04\x04\x49\x2c\x83\xc8\xb9"
	"\x27\x3f\x15\x9e\xe5\x6a\xfa\xa6\x20\x40\x8c\x3f\x7d\xe7\x3d\x15"
	"\xb6\x13\xba\x7a\x4e\x41\x5d\x5f\x33\x7d\xf1\xc4\xf5\xa3\x58\x53"
	"\x61\x54\x23\x09\x1c\xdb\x48\x23\xcc\x91\x26\x7f\xa8\x4a\xa2\xad"
	"\xc9\x81\xa3\xab\xc8\x13\x8d\x3c\x8d\x3c\x21\x60\xd7\xd6\xcb\x5b"
	"\x3d\xc5\xf0\x12\xd7\xb7\x4c\xb9\xc4\xb1\x87\x4a\xd5\xae\x5f\x78"
	"\xf6\x5a\xd4\x97\xc9\x88\x01\xdc\x94\x31\xf3\x42\x30\xba\xee\x9a"
	"\x05\x7d\x1c\xfd\x79\x61\xf6\x86\x17\x46\x17\xf0\xea\x58\x15\x9c"
	"\xec\x32\x75\x26\xe0\x4a\xfa\xd0\xb9\xe3\x60\x07\x8a\x68\x88\x5e"
	"\xe8\x70\xe4\x28\x4f\x1c\xaf\x7d\x00\x76\xaa\x11\x32\x98\x27\xac"
	"\xd4\x77\x11\xd1\x64\x42\x2a\xc5\x3f\xb5\xf6\x83\x87\x8e\x54\xa4"
	"\x95\xad\xa8\xc7\x11\x17\x22\x37\xe8\x50\xab\xab\xa4\xdf\xb2\x41"
	"\x1e\x86\x12\xf5\xcc\x3e\x37\x03\x59\xec\x4b\x1c\x64\xca\x59\x90"
	"\x4c\xaf\xdd\x92\xd2\x77\x7d\xdf\x54\xa9\xa8\x52\xf0\x85\x92\xb3"
	"\x22\x76\x2d\xdf\xcc\x0a\x9c\xd0\x26\x06\x1a\x2c\x89\xa1\x7d\x0d"
	"\xc9\x31\x92\xa2\x10\x31\x77\x99\x93\x8c\x75\x50\x74\x33\xdb\x15"
	"\xac\x20\x0c\x8c\xad\xdd\xda\x7e\x74\x05\x2b\x0a\xbc\xf8\x1a\x56"
	"\x60\x5d\xc1\xc2\x6c\x1d\x16\x2c\x44\xb9\x66\xc2\x12\xe2\xbd\xb1"
	"\x67\xd5\xdb\xc3\x03\x1a\x2f\x7d\x42\x3b\x46\x91\x15\x5c\xc5\x8a"
	"\xae\x62\xc5\x46\xd6\x89\x1a\x18\x20\xa2\x12\xcb\xbe\x82\xc5\x8c"
	"\xd5\xc0\x7c\x1a\x85\x41\x68\x60\x89\xa5\xdd\xb7\xb1\x80\x4c\x33"
	"\x5a\xe0\xb8\xc6\xda\xea\x84\x2b\xc7\xbd\x8a\x16\xb6\xd7\xd0\xec"
	"\xab\xca\xe6\x3b\x9e\x29\xb7\xe3\xd2\x50\x14\xa9\xd7\x58\x35\xe7"
	"\x5e\xb6\x14\x4a\x68\x63\xb9\xea\x69\x98\x39\x69\xc5\x2c\x95\x66"
	"\x7c\x93\x2c\x5c\x7b\x89\x84\xce\x75\xff\x24\x42\x45\x93\xfc\x3f"
	"\x67\x57\xd6\xe4\x36\x8e\xa4\xdf\xf7\x57\x54\xf4\xd3\x4c\xc4\x4c"
	"\x34\x0f\x89\x92\x36\xa2\x1f\x20\x12\x94\x60\x11\x24\x0d\x90\x3a"
	"\xfc\xc2\xa8\x29\xcb\xdd\x15\x6b\xbb\x1c\x55\xf6\xae\xe7\xdf\x2f"
	"\x12\x24\x25\x5e\x09\xd0\xd3\x1d\xdd\xb6\x90\x1f\x81\x04\x90\x00"
	"\x32\x71\x64\x4e\x7f\xd9\xb8\x01\xed\xc6\x18\x80\x20\xe1\x37\x42"
	"\x2f\x5d\x59\x6d\x48\x7a\x30\x99\xfe\xee\x38\x9d\x8f\xcc\xd2\xcb"
	"\x34\x81\xa4\x97\x6c\x9a\xb2\x27\x22\x9f\xa4\x70\xb5\xfa\x1e\xb6"
	"\xd1\x24\xed\xcc\xbb\xdf\xdc\x0f\x06\xd4\x24\x5e\x3f\x0f\xc0\x1d"
	"\x68\xea\xb6\x81\xc0\xaf\x53\x4f\xc2\x74\xb8\x0e\xfd\xee\x08\x1c"
	"\xbe\x75\xdd\x1a\x7d\xb9\x7e\x7c\x7e\x7c\x78\x7a\x79\x9d\x08\xf0"
	"\x50\x7f\x15\x12\xae\xb7\x40\x6f\x1f\x77\x8e\x23\x80\x5e\x7b\x0d"
	"\xaf\x8a\x63\x0b\x41\x8e\x2e\x00\x0b\xce\xc2\x0a\xa5\xae\x4c\x83"
	"\x7b\x50\x41\xe0\x35\x20\x5a\xaa\x8c\xc4\x8c\xf2\x42\x70\x86\x6c"
	"\x29\x88\x7b\xdc\x95\xfb\x6c\xa2\x8c\x96\xa2\x5f\x52\x61\x0f\xe9"
	"\x9b\x82\xb2\xb4\x10\xe0\xc7\x76\xca\x0f\xd9\x91\x45\x54\x87\xe5"
	"\xbd\xf7\x75\x9d\x74\x5c\x24\x5e\x3f\x8e\x31\xa4\x92\xe8\x68\x78"
	"\x1b\x56\x63\x6a\xd5\x90\xb3\x54\x47\x5b\x49\x77\x93\xbd\x0e\xd9"
	"\x43\xe4\x0d\x4f\xfd\x37\x51\xfc\xb6\x8c\xbd\xc1\x48\xbc\xa7\xab"
	"\x4f\xb2\xee\x99\xff\x9d\x12\x71\xd5\xfa\x3d\xd7\x32\x05\x9c\x19"
	"\x55\x94\xe6\x62\xc2\xc5\x18\xd7\x02\x36\xf1\x6c\xa5\x6e\x38\x1d"
	"\x88\xcd\xda\x8f\x90\x3f\xde\x8f\xaa\x9e\xb7\xd7\xcb\x53\x61\x28"
	"\xeb\x26\x0b\x49\xac\xd4\xde\x70\xd2\x85\x6e\x8d\x18\x3e\x46\xef"
	"\xa6\x2a\x35\x3f\x44\x28\xcd\x00\xc9\x33\x59\xa8\x16\x08\xa9\x94"
	"\xb3\x81\xd5\xae\x1f\x12\xbe\x45\xe4\x40\xa8\x8e\x6e\xe5\xa8\x7f"
	"\xb3\xed\x3b\xe4\x4c\xb4\x07\xf6\xa6\xc0\x18\xd4\xad\xa1\xe3\x56"
	"\xc2\x59\x95\x85\xb0\xb4\x9c\x9a\xfd\x73\x4a\x7a\x61\x4e\x7b\xe4"
	"\x42\xf6\x7c\x1e\xf4\x68\xef\x72\xba\xab\xe4\xfb\x0f\x9d\xfd\x2c"
	"\xdd\xf3\xc6\x3e\x89\x19\x07\x67\x57\xde\xe8\xfc\xbf\x21\xdc\xd3"
	"\x9b\x84\xea\xb8\x82\x56\xba\x9d\x16\x5e\xbf\xbe\xbd\xbc\xfe\xae"
	"\x2a\xcb\x62\xf5\xe3\xfb\xf7\xe7\xaf\x7f\xb6\x57\x10\x42\xc9\x3a"
	"\x49\x5d\xef\x7d\x50\x40\x3d\xd5\xaa\x01\x08\xbe\x57\x24\x64\x4c"
	"\x85\x3f\xed\xbf\x0f\x83\xf7\x9e\x73\xd7\x89\xcb\x6a\x2a\x3a\x51"
	"\x4b\xf3\xba\xe1\x1f\x29\x24\xc3\x58\x84\xf3\xd1\x26\x80\x56\x5b"
	"\xad\x6d\x2a\x0d\xac\xeb\xa6\x00\x08\x2a\x26\x21\x83\x4b\x48\x09"
	"\x0d\x8b\x09\xd9\x04\x62\xb0\xf5\x6c\x52\x09\xb0\x25\x9d\x09\xf3"
	"\xe7\xc0\x16\xfb\xe5\x25\x9c\x09\x9c\x03\xf3\x72\x6f\x1e\x6c\x3d"
	"\x07\xe6\xe7\xb3\x2a\xe1\x27\xb3\x0a\xf5\xf7\xee\x5c\x58\x38\xaf"
	"\xdc\x77\xb3\x32\x5c\xd0\x60\x5e\x8f\xcd\x83\xc5\xf3\x6a\xc1\xe7"
	"\xb5\x09\x9f\x57\x53\x3e\xaf\xf7\x93\x79\xbc\xcd\xed\xfd\xcd\xcc"
	"\xdc\x64\x3e\x4f\xe8\x56\xf2\x3c\x07\x28\xf2\xed\xdc\xfc\xde\xcf"
	"\x02\x16\x33\x0b\xf6\xe6\x09\xb2\x97\xf8\xf3\x60\x8b\x39\x30\xc6"
	"\xcf\x5e\xe0\xcc\x44\xfa\xfe\xcc\xa2\x57\x73\x33\xf4\x9c\x5f\x40"
	"\xce\x1b\x97\x50\x23\x77\x33\x17\xb9\x5c\xcf\x45\x2e\x66\x49\xb7"
	"\x14\xde\x72\x33\x6f\x4a\x25\x66\xcd\xa2\x29\x37\x58\x7b\x8d\x5a"
	"\x31\x4d\x76\x03\x94\xbc\x0b\x97\x8e\xbf\x44\xc9\x7e\x12\x0c\x15"
	"\x96\x41\x9b\xbb\xc1\xcc\xc6\x59\xce\x43\xb6\x5b\xab\xc6\x7a\x93"
	"\xb0\xc0\x97\x4a\x20\x92\xc3\xca\x5f\x58\xbb\xed\x86\x5c\xce\x45"
	"\xae\xdc\x39\xc8\xe8\xb4\x59\xb9\x8b\xb9\xc8\xb5\x33\x13\xb9\x76"
	"\x16\xb3\x91\xab\xd9\x35\xf2\xe6\x20\x93\x70\xbd\x59\x7b\xee\xca"
	"\xde\x2d\x3a\xcf\x33\x22\x34\x00\xf8\x10\x2e\xed\x53\x44\x03\x0c"
	"\x36\xf6\x02\xa1\xba\xee\x7a\x52\x82\xe3\x84\xc8\x3d\x2e\x28\x35"
	"\x19\x0e\x79\xec\xb3\x5b\x8d\xad\xcf\xb3\xe7\x61\x9b\xd3\xdf\x79"
	"\x60\x7d\x41\x74\x16\x52\xfb\x04\x35\xb5\x49\x0d\x3b\x14\x91\x17"
	"\x6c\x3c\xa4\x1f\xb2\x9b\xaa\x69\x2c\x30\xdf\x91\x2a\xca\xf7\x17"
	"\x83\x69\x13\xe5\x53\x86\x14\x89\x21\x06\xad\xb1\x83\x73\x2a\x40"
	"\x79\x46\x64\xb0\x56\xa8\x1f\xdf\xae\x0f\xf1\xf5\xf1\xfb\x8f\xd7"
	"\xeb\xd0\x4e\x88\x9e\x5f\xaf\x4f\xdf\x1f\x40\xab\xfe\x27\x93\xad"
	"\x43\xc8\x0e\xaa\xa3\xb2\x47\x4c\xa8\x9a\x82\x1d\xd2\xec\x17\x4c"
	"\xc9\x02\xa8\xe7\x32\x24\x09\xd5\xc7\x35\x26\xd6\xef\x40\x65\x4e"
	"\xb8\xd5\x74\xdc\xb7\x29\xac\x07\xd8\x89\xb2\x8b\x28\x9d\x93\x57"
	"\x0b\x1b\x65\xd3\x29\xc4\xad\x3c\x4f\xff\x1f\x39\xb5\xbc\x23\x95"
	"\xdd\x6a\x87\xb8\x56\x8c\x5f\xcd\x80\x78\x56\xcc\xa2\x9a\x01\x99"
	"\x8c\x8c\xde\x41\x2c\xab\xce\x7e\xe9\x51\xb5\x18\x54\xb2\x6f\xbd"
	"\xed\x4f\x4a\xf2\x58\xf3\xc4\xac\x4f\xaa\xdf\x81\x54\x3b\x91\x95"
	"\x3d\x99\x8e\xc2\x5c\x6f\x09\x8c\xc4\xf3\x78\xfd\xfa\xf1\xe5\x75"
	"\x42\x40\xef\xb6\x3d\x05\x37\x95\xed\x0b\x89\x29\x33\xbe\x06\xf0"
	"\xb0\x77\x23\xbd\x49\xcd\xe5\xe4\xf5\xdb\x3a\xc8\x58\x23\x13\xb5"
	"\x24\xf4\xe5\xa4\xde\x11\x6a\x37\x6e\x20\xf2\xaf\xb0\x61\x62\xa1"
	"\x06\x46\x4f\x32\xc1\x5f\x7b\x0a\xf1\xb8\xd1\xc1\x70\x43\x84\xee"
	"\x1c\x90\x37\x07\xe4\xcf\x00\x45\x61\x14\xa2\xb0\x5c\xd0\x66\xe3"
	"\x44\x47\x2f\x26\x69\xb4\xbd\xa0\xe0\xa6\xc7\x05\x2d\x68\x5a\x98"
	"\xea\x0a\xd3\x25\x46\x23\x71\x1d\xf3\xbb\x99\x5a\xa6\x2f\x24\x64"
	"\x22\xdc\x57\xaa\xdf\x84\x2a\x08\x7c\xd8\xa4\x3b\x6a\xd8\x58\xab"
	"\x67\xf0\x69\xf8\xc4\xf4\xb1\x95\x4a\x6b\x42\x4e\x9f\x7a\x10\xd7"
	"\x0e\xf1\xec\x10\xe4\x76\x61\x83\x89\x52\x6b\x49\x35\xc4\x33\xac"
	"\x60\xbc\xac\x8e\x81\xd7\x8f\x23\x0d\x31\x70\x76\x29\x8d\xaa\x2d"
	"\x4b\x09\xe2\x7a\x4b\xef\xcf\xd4\x79\x24\x51\x39\xc7\x62\x50\x3a"
	"\xe9\xb6\x0c\x0f\xb6\x29\x1f\x32\xe6\x48\xf8\xab\x5a\x8a\x74\x80"
	"\x14\x05\x31\xca\x01\x44\xc0\xaa\x73\x44\xb6\x53\x6f\xbb\xc6\xd8"
	"\x6e\xea\x7d\x5b\x59\x07\xc7\x4c\xb0\xc7\x59\x35\xba\xf5\x4a\x2e"
	"\x97\x79\xb5\x43\x5e\xf6\x8d\x91\xb0\x27\x38\x13\xca\xe3\x70\x06"
	"\xb2\xd9\x01\xdb\x49\x23\x78\xaf\xe6\xbd\xd2\xb6\xd5\x29\xf1\xfd"
	"\xe0\x7a\x15\xe8\x35\x99\x6a\x51\xed\x8d\xad\x69\xce\xb1\x03\xc3"
	"\xfa\xe8\xe5\xfa\xf1\x81\xf3\xf0\x77\x09\x17\x77\x1b\x4f\xe2\x9d"
	"\xd7\x04\xf5\x89\x08\x89\x48\x5e\x0c\xba\xa4\x39\x2b\x61\x8b\x15"
	"\x32\x26\xee\x00\xd7\x9f\x0c\xb8\x01\x64\x51\x84\x81\xe7\xfa\x69"
	"\xdf\xa1\x7c\x27\xb5\x17\xe7\x9c\x0b\xec\x7e\x30\x50\x23\xb9\x15"
	"\x06\x4e\x38\x39\x33\xfd\x37\x13\xb7\x7b\x22\x0e\x36\xba\x87\x72"
	"\x70\xa0\x98\x63\x40\xa0\x0a\x02\xf1\xff\xd2\x0c\x05\x70\xb2\xc1"
	"\x4e\xa3\x75\xe9\x05\x25\xcb\x15\xe2\x50\xb2\xe1\x8f\x90\xd5\xca"
	"\x09\xf6\xc6\x4c\xe2\x60\x8d\x5c\x95\xaf\x11\xf5\xe5\xb0\x91\xbc"
	"\x14\xd7\x9f\x8f\x6f\x0f\xec\xeb\xdb\xf7\xd7\x1f\x5f\xae\x5f\xbf"
	"\xbf\x3d\x00\x70\xfd\xf3\x21\xe6\xcd\x51\xcb\xc3\xdf\x64\xf1\xa0"
	"\x9f\xec\xf4\x02\x1d\x84\x17\xb5\x30\x49\xd8\x04\x16\x7c\xe8\x0d"
	"\xbc\x73\x5c\xf3\xf8\xf5\xe9\xf9\xf3\xe7\xc7\xd7\x7f\xdf\xe3\x29"
	"\x7c\xff\xf1\x55\xfd\xf9\x0f\x85\x84\x3d\x73\xf5\x97\x67\xef\x49"
	"\xfd\xfa\xf6\xfc\x8f\x87\x4f\xaf\x4a\xe9\x55\x3a\xc8\xdb\xdf\x87"
	"\x67\x87\xb2\xdc\x46\xe2\xa8\xe3\x74\xdc\x8c\x9f\xfe\xe1\x61\x51"
	"\x90\x70\x3f\x1c\x48\x70\xde\xa9\x6f\x52\xd5\x0f\x06\x7f\x7c\x7c"
	"\x7e\x79\xf8\x78\x7d\x7a\xf9\xa8\x39\xf8\xf6\xfa\xf2\x74\x7d\x03"
	"\x26\xb4\xcb\xe6\x2f\xcf\x3f\x3b\x2f\x07\x45\x24\x6f\xd0\x36\xed"
	"\xf8\xfc\xf1\xfa\x82\xa4\x42\x0e\x8f\xbd\x02\xfa\xf4\xeb\xd7\x7e"
	"\x6a\xf8\xf8\xe5\xfa\xfa\xd8\xb4\x42\x27\x5c\x8e\x26\xc6\x9f\x1f"
	"\xdf\xfe\x1a\x26\xd6\xf9\x3c\x7f\x51\x6c\xff\xef\x15\x3a\xeb\x01"
	"\xc2\x4f\xdc\xc8\xba\x76\xbf\xd7\xa0\xa7\x17\x85\x52\x55\x83\x37"
	"\x45\x3d\x90\x8c\xc4\x83\xee\x80\x7e\x32\x7f\x7e\x7b\xba\x7e\x86"
	"\xf7\x4d\x2f\x10\xd8\xe4\xfa\xf9\xdb\x10\x51\x9f\x70\xbc\x3d\xfc"
	"\x80\xb7\x5b\x2a\xd7\xb7\x97\xa7\xea\xa9\xae\x42\xdd\xb3\xc3\x1e"
	"\x2b\xca\xb4\x7b\x7e\xd3\x49\x84\x28\x0a\x79\x37\x9c\x58\x97\x56"
	"\x44\x64\xed\x6d\x1c\x03\x71\x75\x46\x89\xae\xa2\xba\x28\x75\xb3"
	"\x5e\xaf\x10\xa2\x1e\x83\xae\x89\x88\x7c\xc9\x0b\xcf\x39\x23\x0c"
	"\x9d\x43\xcf\xf1\xd6\x18\x6d\xe9\x38\x0e\x46\x5b\xa0\x34\x1e\x2e"
	"\x16\x72\xad\xaf\x4a\xd4\xe3\xf7\xe5\xe5\xf3\x1b\xf8\x14\x57\xb2"
	"\x72\xfd\xfc\xf2\xed\xe1\xeb\xf5\xff\xee\xc3\xa8\xed\xbc\xdd\xeb"
	"\xe3\xb7\xbf\xe0\x39\xdb\x20\x94\x0d\x11\xfc\x61\x97\x97\x60\x6b"
	"\x7e\x7a\xfe\xf3\xc7\xeb\x23\x3c\x42\xeb\x74\x24\x49\x58\x15\x45"
	"\x07\x30\xd1\xe4\xe0\x69\xae\xa6\x6d\x99\x52\xb3\xd5\x6a\x24\x5c"
	"\x27\x47\xac\x9d\x3e\xcc\x9b\x07\x5b\xcc\x83\x05\xf3\x60\x9b\xdc"
	"\xa9\xde\xcf\x00\x7a\xf3\xf2\xf3\xbd\x7c\xea\x70\x6d\x00\x5a\xe7"
	"\x5d\x71\x02\x1a\x67\xd1\x8e\x88\x68\xd4\x88\xbb\xfa\x96\x8b\xe9"
	"\xe8\xba\xf3\x79\x15\x1d\x63\x69\x47\xd5\xaf\x82\xeb\x50\x8b\x38"
	"\xba\x79\xbf\x6d\x00\x70\xa5\xbb\x0e\xe3\x41\x74\x01\xf4\x0c\xbb"
	"\x1e\xa3\x3a\xe9\x08\x2f\x6a\x42\x3e\xe0\x59\xe7\x22\x0e\x53\xd8"
	"\xf3\xd4\xf1\xa1\x33\x88\x31\x79\x31\x71\x8a\x5d\x63\xd0\x64\xcd"
	"\xa3\x0d\x94\x66\xfa\x4f\x1c\x20\x2f\xb2\xa0\xdc\xd6\x68\x1e\xdf"
	"\xd6\x4f\xe8\x0d\x75\x3b\x09\xfd\x82\x7a\x15\x2c\xf1\xa3\x5c\x50"
	"\x9d\x53\xa5\x3a\xff\xf1\xdb\x66\xed\x39\xbf\xf5\x07\xdd\x31\x96"
	"\x03\xf1\xa9\x3d\x7a\xca\xcb\x74\xfa\x81\x8a\x94\x26\x37\xff\xf1"
	"\x7d\x76\xde\x65\xdb\x0a\x89\x5b\xae\xe9\xca\x9e\x06\x77\x0e\xa3"
	"\xef\xe0\xea\x86\xb8\x54\x71\x99\x24\x97\x0a\xe2\x3b\x20\x7e\x1d"
	"\x6f\xa2\xb2\x2d\x63\xb8\x80\x55\xe9\x1b\x46\x5c\x99\xaa\x58\x89"
	"\x2d\xb8\x09\x43\x7a\x8b\xa5\xd6\xcf\x92\x88\x2d\x2b\xe8\x8c\xb1"
	"\xb1\x3f\x55\x54\x08\x52\x90\xca\x5d\xac\x97\xaa\x39\x21\xdc\xb8"
	"\xb2\x63\x63\xa5\x28\x98\x78\x1e\x7f\xa7\xed\x2d\xed\xf5\x40\xfb"
	"\xcb\x4f\x49\xc1\x8e\x06\x59\xd8\x51\xbe\x54\x15\x61\x89\xa1\x90"
	"\xb6\xbb\xeb\x5d\x0e\xa1\x77\x42\x58\xda\x86\x60\xfd\xf5\xef\x88"
	"\xe0\x58\xb3\xde\xee\xae\xd4\x72\x75\xfd\xf9\xef\xaf\x2f\x6f\xbf"
	"\xfd\xd7\x44\xae\xba\x8e\x03\x49\x6a\xaf\x18\x8c\x65\xaf\xa1\xe4"
	"\x7c\x3a\x5d\x14\x39\x1f\x75\x5e\x43\x63\x71\x9e\xe1\x93\x87\x86"
	"\xbc\xcf\x90\xf2\x46\x4e\x19\xba\xc4\x6d\x21\x2b\x9e\x21\x55\x80"
	"\x31\x81\x91\xe0\x02\x45\x21\x28\xc5\x38\x4e\x92\xd0\xc2\x70\x98"
	"\x80\xeb\x05\x39\x16\x58\x1d\xe4\xfe\x52\x95\x05\x4b\x98\xd4\xde"
	"\x2c\xf0\xee\x2d\xe4\x6e\x6e\xdf\x4b\x1e\xb6\x59\xc3\x6a\x6d\xfb"
	"\xea\x44\x0e\xb4\xcc\x1b\x31\x3e\x11\x2b\x7e\xab\x81\x22\xe7\xd5"
	"\x69\xcf\x12\xd8\x97\x91\xb9\x92\x36\x70\x65\x5e\x72\x83\xf0\xeb"
	"\x10\x1a\x7e\x54\xe5\x94\x1c\x34\x7f\xd6\x92\xb4\x85\x4f\x42\x18"
	"\x53\x75\x0b\x5a\xbf\x28\x53\x56\xdf\x9a\x93\x56\x68\x3d\x11\xd6"
	"\x9e\x5b\x4c\xb3\x5d\x67\xe1\xc9\x05\xe3\x6a\xd9\x19\xf5\x63\x07"
	"\xa2\x18\x2e\x98\x71\x69\xd2\xb3\x94\x18\xf5\x76\xed\x4b\xe1\xf3"
	"\xe3\xf7\x4f\x2f\xaf\x5f\x94\x79\x73\x7d\x7a\xfe\xf4\xfc\xf4\xf0"
	"\xf2\x0d\x74\xac\x9b\x66\x76\x03\x0c\xd2\xa3\xeb\xbf\x7e\xfc\x39"
	"\x4c\xbc\x9b\x69\x5a\x51\x1b\x92\x4f\x2f\xaf\xff\xf3\xf8\xfa\xf2"
	"\xa3\x56\xfc\x5a\x3b\x68\x47\x80\xc3\x8e\x61\x54\x27\x80\xe5\x0c"
	"\xd2\x24\xff\x70\x83\xce\xce\xb0\xe0\x53\x6e\x56\x1e\xfe\x56\x9b"
	"\x4e\xe1\x4b\xde\x9a\x4c\x7f\x1f\x29\x8d\xdd\x4c\x20\x8c\x77\x13"
	"\x7d\x73\xfa\x99\x68\xdd\x65\xfb\x48\x80\x5e\x5b\xab\x2a\x59\xaa"
	"\x96\x8c\x5c\xc7\xc8\x19\xc7\x47\x83\x89\xac\x55\x63\x1b\xbf\x25"
	"\x63\x27\x2e\x3b\x41\xf2\x3d\x0b\x25\xec\x0c\xb5\x0a\x72\xfc\xaa"
	"\x8c\x94\x87\x7f\xfd\xf8\xf4\x09\x22\x6b\x0d\x3f\x8c\xb7\xdd\xbe"
	"\x6f\x6d\xd9\x4a\x29\xdc\x53\x4b\x57\xbc\xad\x42\x1e\x81\xf3\xd8"
	"\xce\x7d\xb0\x6d\x33\x34\x7b\x19\xa9\xf5\x16\x71\x63\xa0\x48\xda"
	"\x6d\xcb\x91\x4a\x62\xda\x30\x55\x45\xa9\xff\x62\x96\x24\xa2\x67"
	"\xed\x36\x84\x30\xcb\x2f\x8a\x53\x32\x22\x28\x81\xde\xd1\x6d\xc2"
	"\x8a\x01\x3f\x40\x13\xf4\x58\xe5\xec\x4c\x13\x18\x89\xd5\xf6\x52"
	"\x50\x8c\x45\xa5\x47\xdc\xca\x36\x61\x5a\x36\x4c\x98\x1b\x47\x18"
	"\x28\x17\x19\x58\xeb\x6a\x31\x2d\xe0\x67\x99\x82\x18\x50\x78\x0d"
	"\x86\x67\xac\x56\x39\xca\x76\xa9\xd2\x73\x95\x6d\x94\x1a\xab\x91"
	"\xe5\x12\xa5\xab\xc1\x00\x01\x9b\x10\x32\x27\xf0\xf6\x9d\xa2\x9f"
	"\x83\x4a\x34\x8a\xae\xd7\xf9\x5c\x7d\xdb\x04\x18\x95\x83\xde\x50"
	"\x0b\x84\x6e\x92\x62\x4a\xda\x7b\x22\xfb\x57\x1b\x89\x74\xe2\xe2"
	"\x2b\x74\x2b\x13\xa2\x44\x19\xcc\xb9\x87\x91\x94\x16\x11\x26\x61"
	"\x84\x91\xc3\xcb\x96\x0a\xcf\x41\x36\xe6\xe0\x7b\xc9\x20\x22\x31"
	"\xda\xa9\x8c\xcb\x02\x25\x66\x6a\x7d\xc1\x83\x40\x42\xc7\xb8\x91"
	"\xf6\x9b\x80\xd1\x53\x25\x30\x0c\x15\x0e\xc1\x8e\x28\x8d\xad\x16"
	"\x0e\xde\xdf\x85\xc8\xd0\x32\x05\x89\x68\x86\x8a\x1a\x29\x2e\x2e"
	"\xe2\xe4\xb0\xa6\xa2\x55\xf5\x51\x0a\x39\x62\x4e\xaa\x81\xca\xd0"
	"\xd6\x4b\x69\xa6\xc6\x1c\x43\x27\xa0\xc3\x45\x64\x18\xcd\x8f\x62"
	"\xb4\x05\x8e\x59\x16\x65\xc8\x63\x38\x20\x17\xeb\xc0\x43\x6b\x53"
	"\x08\x35\xc6\x71\x79\xc1\xb6\x68\xb5\x14\xa3\x99\x86\x4a\x8c\xb1"
	"\x68\x87\xba\x6d\xd1\x36\x80\x67\xe2\x25\x5e\xd5\x32\x4a\x50\x09"
	"\xda\xf2\x6a\x77\x2e\x16\x4b\x7c\x70\x34\x37\x7e\x50\x39\x53\xfa"
	"\x67\x96\x66\x1c\xe5\x9b\x6f\x55\x4b\xe2\xd2\xbf\x15\x19\x89\xe4"
	"\x9e\x52\xbc\x35\xcb\xac\x3a\xb8\x9b\xc9\x50\x6a\x5a\x76\xfa\x1b"
	"\x70\xad\x06\x95\x97\xdd\xf7\x39\xb7\xd4\x7c\x94\xa6\xef\x1f\x47"
	"\x2a\x9b\x31\x9a\x49\x65\x85\x5c\x86\x07\x7b\xad\x6a\xca\x94\x4a"
	"\x70\xaa\xca\x3c\x22\x05\xc5\x4d\xe3\x5a\x23\x85\xf9\x73\x94\xff"
	"\x9e\x6d\x6b\xb3\xac\xbf\x1d\xd5\x6a\xe6\xf5\xc9\xa2\x06\x55\x61"
	"\x5a\xe0\x45\x74\xf2\x51\x76\x86\x5a\x69\x3a\xa1\xd7\x93\x6c\xb7"
	"\x03\x4b\x6b\xcb\x76\x11\x18\x87\x3d\x63\xa2\xad\x67\xf6\x81\x4e"
	"\x30\x40\xe2\x6d\x68\xd8\x87\x68\x9b\x8f\x72\x30\x93\xad\xb8\xf6"
	"\xe6\x58\xd3\xa8\x26\x68\xa2\x9a\x15\x16\x1a\x26\x0b\x64\xbf\xa6"
	"\x3d\x19\x47\x38\x57\x96\x86\x44\xfc\x1b\xb6\x55\x56\xfd\xad\x58"
	"\x01\xab\x6c\xd2\x17\x20\x44\x33\x02\xab\xac\x36\x6c\x87\x2b\x1e"
	"\x16\x19\x52\xe7\xaa\xd4\x2a\x43\xec\xc8\x86\xf1\x66\xb3\x00\xb3"
	"\xaa\x06\xb0\x18\x0f\x63\xda\x00\x9b\x3d\x93\x45\xb5\xc1\xc5\x44"
	"\xbb\x37\xdc\x67\xf9\x54\x57\xc3\xf9\x19\x58\x32\xc3\x2d\xb4\x41"
	"\x31\x22\x3a\x6b\x7b\x64\x24\x42\x79\x92\x54\x32\xa1\x74\x4c\xa9"
	"\xdb\x32\x09\xa3\x11\xa5\xbe\xe6\x51\xe5\x44\x71\x3e\xc1\xd3\xed"
	"\xc3\x4a\x06\xd4\xdf\x13\xef\x60\xec\xd0\x3e\x3a\x5e\xfc\x02\x98"
	"\x04\xbf\x02\x5e\xff\x0a\x78\x33\x1f\x4c\x88\x37\x0f\x0c\xee\x25"
	"\xf5\x30\xc2\xbb\x9a\x2b\x98\x32\x48\x90\xce\xe0\x51\xca\xa8\x32"
	"\x6b\x8a\xde\xd8\x69\xfb\x98\x20\xa7\xc6\x2d\x9d\xc9\x50\x6f\xe0"
	"\x8f\x84\x1c\xad\xdc\x70\x23\x6f\x8c\x40\xdc\x17\x8c\x80\x4a\x47"
	"\x17\xf3\x90\x8a\x43\x96\x1a\x27\x24\xdd\x94\xe9\x94\xb3\x01\x2d"
	"\x91\x15\x61\x91\x6a\x65\xae\xd6\xe4\xdd\x54\x33\x45\xb2\x34\x36"
	"\xd3\x9e\x47\x93\x8d\x53\xc0\x76\x44\x02\x63\x6d\xb0\x6f\x75\x6b"
	"\xff\x2c\x52\x8b\xc6\x64\x91\xf5\xd4\x09\x46\x86\x32\x68\xa8\xf8"
	"\x95\xf1\xe0\xcf\x07\xc7\x64\x35\xab\x5b\x35\x74\xd3\x65\xb4\xd9"
	"\x0e\x19\xc5\x95\x1d\xd7\x24\x62\xf5\x3d\x1a\x23\x4a\xd9\xc0\x6a"
	"\x3a\xdd\xd3\xf0\x20\x4b\x6e\x98\x95\xc2\xb0\x9e\x71\x27\xdb\xac"
	"\x0e\xb5\x5b\xed\x93\x7c\xda\x7c\xaf\x3b\xfb\x66\xfe\xa8\xdf\x61"
	"\x35\xb8\x36\xd7\xce\xee\x4d\xf3\xc3\xbe\x2a\x4b\xe3\xce\x7e\x5d"
	"\x9d\xc7\xd8\x76\x6e\x99\xc8\xb3\x10\xf1\x93\xd1\xb2\x07\xf3\xee"
	"\x60\x95\x91\x52\xd9\x0d\x88\xef\x2c\xad\xf4\xad\xdc\xa9\x5b\x3a"
	"\xf7\x9a\xe8\x4e\xba\xdd\x4b\x6a\xf5\x01\x18\x45\xaa\xe5\xdb\xdd"
	"\xc3\xde\x03\x63\x45\x4b\x16\xb1\xe3\x78\x0b\xaf\x40\x3c\x75\x6b"
	"\x0c\x97\xde\xda\xdf\xc5\x88\x93\x05\x0d\x29\x8e\xfe\xd2\x79\x7f"
	"\x44\x01\xca\xe2\xda\x78\x88\x3f\x84\x96\xee\x23\x37\x13\xf5\xf8"
	"\x8e\x32\x6f\xc1\x51\xf2\x71\xb7\xf3\x16\xbe\x47\x16\x28\xc2\x18"
	"\xd9\xb5\x91\xef\xc0\xe7\x38\x07\x49\xb4\xc1\xc2\xe5\x01\x99\x70"
	"\xe9\x07\x9b\x78\xe7\x04\xa6\x76\x5c\x3a\xee\x21\x36\x34\xf5\xfe"
	"\xbc\xf6\x97\x2b\x63\x37\x63\xbd\x79\x47\x34\x0e\x7e\x91\xa8\x6e"
	"\x37\xc1\x47\xdc\x11\x74\x10\x7c\xbd\x59\xb8\xd5\x29\x41\xce\x21"
	"\xee\x48\x12\xe5\xeb\x75\xe0\xcc\x41\xad\x6c\xa8\x84\xfb\x81\x8f"
	"\xc4\x7e\x1a\xa0\x36\x36\x50\xbe\x5e\x2e\xcf\x16\x10\xea\x62\xa4"
	"\x93\xcf\x71\xe9\x39\xab\x24\xb7\xc0\xb6\x51\xe0\x3a\x2b\x5b\x23"
	"\x88\xf0\x1c\xa6\xd3\x6a\xe0\x71\x47\xe0\xa6\xf6\xb4\xea\xa7\x34"
	"\xfb\xa9\xd3\x08\x99\x95\x69\xef\x60\x56\x27\x54\x99\x94\x23\x6f"
	"\x4a\x2d\x20\xed\xe8\x66\xea\x87\x8e\xf1\x2d\xfa\x49\x79\xc8\xfb"
	"\x09\x11\x27\x6a\xf1\x54\xf6\xea\x98\xb4\x3f\x45\x5d\x3d\x10\x92"
	"\x04\x39\x71\x16\xb1\x7e\x22\x9c\x94\xe9\x7b\x37\x59\x1c\x27\x19"
	"\x19\x30\xf1\x8e\xf4\x16\xc7\x26\x45\x4d\xbc\x79\x59\x34\xef\xb6"
	"\xef\x55\xac\x2b\x08\x8a\xd1\x74\xfd\x80\xc9\x5b\xb5\x7a\x9f\xed"
	"\x85\x4e\x46\x3e\x6b\xa7\x67\xfd\xa6\x5c\xf6\xd9\x81\x4d\x67\x65"
	"\xb3\x47\xf2\x0f\xdf\xeb\xa6\xb7\x93\x7e\x96\x44\x70\x9b\x79\xd0"
	"\x8e\x42\x2d\x05\xf1\x20\xa7\x23\xf8\x09\x54\x8b\x0a\x10\xfb\x9a"
	"\x52\x9f\xca\xd2\x02\x59\x56\x81\x55\xd4\x00\xd3\x4c\xd1\xf7\x25"
	"\x18\x11\x02\x45\x64\x79\xe2\xeb\xad\x6e\x89\x1c\xa2\x37\xa0\xc5"
	"\x14\xa8\xcb\xc7\xf8\x72\xa4\x4e\x2e\x39\xbf\xa0\xf9\x92\x24\xcb"
	"\x72\x94\xca\x8b\x9c\x1c\x0d\x55\x13\x4c\xd9\x95\xa5\x1b\x2c\xb1"
	"\x18\x15\x90\x47\x5e\x0e\xc2\x46\xf4\xa4\x83\x0d\xf9\x25\x91\xbb"
	"\x46\x7c\xec\x68\x72\xc1\xd8\x39\xb7\x90\xb5\xd5\xcf\x71\x50\xb9"
	"\x5e\xbb\x8e\x91\xec\x99\xc9\xbe\x81\x7c\xf2\x50\xda\xb6\x58\x23"
	"\xce\x56\xf4\xb0\x24\x8e\x8b\x2c\x5a\x9a\xcc\x19\xe6\x53\x52\x4b"
	"\xc8\xf9\xa2\x96\x1b\xfc\x6b\xb9\xf0\x90\xa0\xb9\x0d\x39\x38\x1b"
	"\x58\x2b\xce\x31\x5e\x74\x44\x44\x42\x0c\x2d\xb6\xd3\x11\x55\x50"
	"\xb2\x52\xed\x8c\x9f\xd7\xd9\x2f\xcc\xd9\x2f\x2c\xd9\xe3\x74\x65"
	"\x0a\x13\x9c\xc8\x70\x1a\x0d\xf7\x99\x8f\x8f\x7c\x96\x46\x6c\x97"
	"\x59\xc8\xcc\x06\x88\xde\x59\x73\x38\x5b\xb3\xc0\x11\x6a\xe6\x76"
	"\x9d\x83\x6b\x9c\x7b\x68\x2a\x5d\x7f\xe5\x58\xe8\xb8\x6c\xc5\x7c"
	"\xed\xe0\xd4\x7d\x24\x73\x23\x11\x1f\xc7\x4a\xef\x72\x57\x86\x9e"
	"\x85\x93\xe2\x64\x7d\x76\xac\x00\xbc\x88\x43\x26\x76\xae\xe7\xe2"
	"\x43\x3a\xc9\x12\x5c\x42\x92\x73\xb0\x08\x16\x58\xa0\x4e\x2d\x5e"
	"\x67\x2c\xac\x38\x90\x53\xee\x2d\xf1\x09\x21\x0f\xcf\x7b\x7c\x59"
	"\x11\x2c\x2f\x58\x44\x71\x3a\xa7\xbe\x67\xa2\x6e\x02\x33\x75\xe9"
	"\x19\x56\x86\x00\x17\xb9\x23\x23\x6b\xef\x6c\xa5\x5b\xe6\x70\xbd"
	"\xab\x99\x49\x7c\xf8\x1c\xcf\x68\xa0\x4b\x45\xbd\xf0\x78\x2a\xb2"
	"\xc0\x3e\xfa\xa7\x3e\xa4\xee\x39\xe8\xd7\x72\x48\x6a\x61\x41\xd6"
	"\x31\xa0\xe7\x70\x03\x2a\x01\x83\x93\x7d\xa0\x7f\x04\x8b\x9e\x6a"
	"\x32\x54\x47\x4a\xb9\x1d\x25\xa8\x95\x25\x62\x59\x3f\xb9\xbd\xc1"
	"\xd0\xa1\xf6\x18\x03\x42\x49\x5c\xc3\xf8\x02\x44\x48\x18\x79\x6f"
	"\x44\x04\x31\x13\xd4\x88\xd8\xb3\x18\xbb\xd1\xa6\x97\xb6\x30\x42"
	"\x4f\xfa\xda\x2c\xf2\x2c\xb2\xd1\xf7\x66\x04\x9c\xef\xa3\xb7\xb8"
	"\x5a\xd0\x91\x28\xbd\xe4\x8c\xf4\x94\xcc\xc2\x7e\x0b\xc3\x0d\xba"
	"\x36\x10\x8b\x41\xb7\xd6\x6f\x54\x1a\xbd\x79\xd8\x09\x40\x23\x1c"
	"\x02\x29\x98\x14\x13\x88\x4c\x20\x91\x0b\x7f\xb5\x1e\x09\x2f\x79"
	"\xf4\xd5\x01\xe6\x4d\x3c\xca\x78\x09\x9b\xbb\xe7\x9f\xe0\x75\xdd"
	"\xeb\xf5\xfa\xf6\xf4\xf8\xf9\xfa\x10\xe6\xe5\xfd\x3a\xf8\xcb\x97"
	"\x2f\x2f\x5f\x3b\xd0\xe6\x72\xc7\xc4\x27\xff\x3d\x14\x71\xa9\xf5"
	"\xe3\xa4\x22\x52\xe0\x3c\xb6\x20\x49\x98\x1d\x23\x67\x60\xf2\x88"
	"\xc5\x56\x14\xb5\x15\xc7\xf8\x19\x86\x07\x2f\x0d\x4b\xa1\x07\xc7"
	"\x35\x81\xe7\x3a\xc3\xd6\x9d\xc8\x6d\x87\x0b\x4f\xfb\x7a\x67\x24"
	"\x03\xcd\xa3\x1e\x25\x38\x78\xe6\xed\x13\x21\x73\xad\x1b\xd4\x80"
	"\xcd\x69\x36\xb0\xa3\xb2\x21\x4c\xf2\xe8\x30\xe1\x6d\xd6\x8c\xb7"
	"\xf7\x4e\x27\x5b\x73\xcd\x01\x9b\x66\x27\x23\x20\x8b\x44\xc6\xa2"
	"\x59\xec\xd5\xd3\xa2\xb2\x13\x96\xbf\x08\x57\xab\x4a\x96\xfe\xf2"
	"\x37\xe4\xbc\x59\x2f\x0d\xaa\xf9\xf8\xbb\x8d\xc9\xc0\x98\x86\xff"
	"\x2a\x6b\xf5\x37\xff\x19\x6b\xcd\x77\x93\xfb\x98\xd8\x57\x7d\x47"
	"\xee\x38\xaa\x71\x64\x3b\x23\xe7\x38\xf0\x26\x22\xa1\x18\x73\xfe"
	"\x0f\xb8\x1e\xb8\x43\x9e\x53\x0e\xe2\x62\x79\x8e\xac\x84\x59\xe4"
	"\x63\xbe\xfd\x6f\x6b\x85\x48\x23\x92\x50\x70\x9b\x10\xf8\xae\xb2"
	"\xc1\x43\xf8\x73\x46\xa5\x26\x14\x84\xde\xa0\x85\xf3\x9e\x8a\x12"
	"\x31\xde\xc2\xe9\xe5\xb2\xcd\xce\x66\xea\xed\xad\x86\xf3\x13\x16"
	"\x75\x17\xaf\x79\x8d\x9e\xc5\xbb\x46\x7a\x96\x82\x23\x38\x79\xd0"
	"\x0a\x94\xf3\xd3\xa5\x0e\xfc\xd3\x7d\x52\x1a\x36\x5b\x04\x24\x2f"
	"\xf0\x9b\xb1\xc3\x8c\x39\x61\xc9\xb6\x6f\x25\xd5\x2b\x6a\xc1\x9f"
	"\x9f\x5e\x5f\xae\x9f\xaf\x4f\xdf\x5f\x9b\x48\x4d\x05\x57\x4a\x31"
	"\xac\xd2\xf5\x2b\xac\xfb\x53\x97\x51\xee\xe7\x42\xfb\x81\xc0\x16"
	"\x93\x0f\xe7\xaa\x88\xb8\xa1\x5d\xe0\x35\x23\xb9\xa9\x86\x4d\x09"
	"\x11\x0d\xc7\x71\x9b\xda\x2f\x4e\x1c\x42\x9c\xe6\x93\xda\x47\xb8"
	"\x59\x55\xf5\xe7\x46\xc1\x8b\x48\xe9\xae\x0c\xca\xe2\x1d\x14\xb8"
	"\xa8\xe3\xf2\x11\xd0\x36\x4c\x00\xb8\x72\x1c\xcf\x0c\x3a\x2c\x5c"
	"\x67\x61\x83\x2c\x97\x56\x48\xe0\xfa\x56\xc8\xc2\xc6\xcb\xd2\x5f"
	"\x9b\xe7\x54\x3d\x68\x3d\x73\x49\xdb\xa2\x92\x61\x66\x84\xe8\x99"
	"\xc6\xf7\x66\x60\xfc\x19\x98\xc5\x0c\xcc\xd2\x20\x93\x13\x1e\xe7"
	"\xef\xa4\x85\x97\x2c\x6c\x8c\x2a\xcc\xd2\x2e\x38\x35\x6e\x4e\x5e"
	"\x81\x1d\xb3\xf2\xad\x98\x60\x69\x85\xac\x1c\x3b\x64\x5e\xc5\x56"
	"\xf6\xf1\x00\xb0\xf3\x79\x3d\x27\x3b\xdf\xf5\xad\x9c\xf9\x8b\x8d"
	"\xb1\x4f\x47\xb1\xb9\xee\xa4\xa5\x9f\x58\xf2\x57\x0b\x8e\xe7\x7a"
	"\xe6\x06\xa4\x72\xe5\x5a\x64\x8f\xca\xb5\xef\x06\x56\x88\x67\x6f"
	"\x94\x06\x66\x6b\xe3\x5d\xc1\x03\xcb\x44\xc7\xd2\x34\xab\xc4\x41"
	"\x2d\xd7\x81\xa1\xfd\x70\x05\xa5\xd1\xbd\xcc\x15\x9f\xa5\xa0\x4d"
	"\xe9\x35\xd3\xa0\x0d\x16\xdd\xbb\x0b\x0a\xcc\x5d\xca\xa5\x52\xd8"
	"\xdd\xa0\x3a\x85\x51\xeb\x02\xd9\x88\x57\x8a\xbd\x1b\xac\x5d\x2b"
	"\x66\xb5\x39\x5b\x7b\xaf\xc5\xd9\xba\x4f\xe1\x94\xbc\xac\xc9\x9c"
	"\x0c\x6b\xe0\x8c\x1c\x55\x0b\xff\x9c\x93\xa1\xc6\xd9\xf2\x03\xe5"
	"\xcd\x22\xd1\xb5\x7e\x67\x85\xac\x56\x76\x45\x73\x57\x24\x4b\xd3"
	"\xf6\x8a\x06\x31\x11\xd7\x2a\xe2\x0c\x55\x60\x86\x6d\x27\xb9\x17"
	"\x38\x9e\x9d\xb7\x06\x67\x6b\x58\x85\x5b\x2c\x03\xb3\xf8\xca\x82"
	"\xf8\xde\xd9\x0a\x59\x5a\x1a\xa2\x60\x4a\xf9\x33\x1b\xf9\x05\x91"
	"\xde\xd2\xb2\x06\x29\x0c\x1a\xc2\xa8\x8b\x59\xb9\x67\x3b\xc6\x33"
	"\xf3\x5c\xc4\x64\xb3\x5e\x6d\xcc\x98\xe4\xe8\x7b\x0e\x61\xa1\xe7"
	"\x5b\x5b\xbb\x8b\xb5\xf5\xe0\x0d\xeb\xbb\xe7\xf3\x4c\xa4\x05\x27"
	"\x7d\xe2\x79\x2b\x6a\x04\x9d\xb8\x9a\xf3\x1c\x2b\xc4\xa2\x64\x69"
	"\xc8\xc2\x0a\x59\x5b\x0b\xc2\x42\x9c\x76\x21\xc8\xe5\xfc\x2e\xc4"
	"\xb7\xe7\xe2\xaf\xac\x90\x85\x3d\x97\xa5\xbd\x46\x4b\x6b\xd3\xad"
	"\x56\xf6\x5c\x56\x81\x0d\x02\x1e\x18\x6d\x02\xd9\xc0\x6c\xb2\x08"
	"\x9b\x49\x8e\x95\xed\x4d\xe0\xd8\x21\x9e\x15\xb2\x5a\xd8\x21\xd6"
	"\x1e\xdf\xac\xcd\xda\xd1\x07\xbd\x37\xb9\x09\x72\xcf\xcc\x50\x4a"
	"\xca\xf5\x72\xe1\x58\x31\xb6\x9d\x25\x8d\xb1\x8c\x88\x22\x27\xca"
	"\x4c\x72\x88\x81\x23\x7d\xbb\x5f\xdf\xb3\xb0\x61\x24\xb8\x77\x32"
	"\xe1\xea\x35\x49\x3f\xac\x9b\x0f\x9c\xca\xb5\x3e\xa3\x61\xd1\x38"
	"\x38\x84\x4a\xec\xaa\x68\xea\x67\xb5\x25\x45\x41\xc5\x05\x3c\xc5"
	"\xd3\x74\x57\xec\xa7\x82\x74\xb3\x48\x90\x53\xc7\xdf\x5d\x9d\x4d"
	"\x27\x93\xe6\x64\xe0\xe6\xa2\x1d\x5e\x60\x3e\x7e\xd6\x3c\x8c\xec"
	"\x74\xc0\x93\x45\x41\xb5\x07\x99\x1e\x2b\x24\x0c\xcb\x22\x2b\x43"
	"\x84\x07\x45\x17\x5d\x57\xf4\xb7\xa4\x2a\x8e\x07\xa9\x79\xde\x0f"
	"\x07\x7d\x4b\x64\xd3\x27\x81\x9a\x2e\x91\xc7\x5d\x9a\x58\xc2\xb1"
	"\x15\xc2\xd7\x96\x26\x07\x96\x8e\x1a\x96\x16\x59\xae\x58\x43\x3e"
	"\x0a\xf7\x54\xe8\xe7\xb0\xbd\x34\xa6\x7e\x5d\x86\x39\x85\x99\x90"
	"\x84\x09\x24\xa3\x5c\x64\x11\x3b\xd0\x8b\x1c\x7d\xa6\x9d\x99\xa0"
	"\x55\x0a\x73\xcf\x9d\xdc\x23\xd4\xc4\x4b\x7b\x84\xd3\x49\x54\x52"
	"\xb0\xcb\x52\xc1\xba\x5e\x03\xef\x69\xa3\x5e\xa0\x5c\x8e\xd3\x12"
	"\x1a\x66\x7c\xc8\x29\x4d\x32\x84\x0f\xfa\x41\xd5\x6c\x08\xdf\x51"
	"\xbe\x65\xc8\xf8\xd0\xf4\x78\xf2\xd9\x3e\x90\xf6\x59\x52\xd0\x43"
	"\x2f\x43\x9d\x32\xe8\xa7\x7e\x76\x45\xb0\xf6\xb1\xd6\x57\xec\x69"
	"\x91\xed\x57\xf3\x70\xa1\xfd\x84\x32\x4c\xb2\x1d\x0b\xfb\x89\x27"
	"\x92\x14\x59\x3e\x18\x49\x17\x31\x7a\x70\x03\xe9\x2c\x24\xc8\x29"
	"\xb5\xa6\x4e\xbe\xf0\x01\x4a\x71\x62\xe9\x9e\xa4\x03\xf6\x68\x2a"
	"\x99\x1a\xec\xd9\x20\x3d\x09\xf3\xec\xd4\xbf\x83\xa6\x93\x29\xde"
	"\xd6\x09\x4d\xb3\x23\xd6\x7b\x50\xe7\x66\xa0\x4f\xa4\x56\xd1\x3b"
	"\x84\xa0\x7e\x74\x1f\x42\xdd\xd2\xbb\xd2\x04\x89\xa2\xe4\xdb\x84"
	"\xe6\x24\xf2\x46\xa4\xdd\x66\xe1\x8c\x12\x4f\x7b\x0a\x0f\x72\x87"
	"\x42\xa9\x1f\xf0\xf1\x6c\xe0\x17\xb5\xa6\x5c\x46\xd7\xc0\xbb\x64"
	"\x06\xf1\xcb\xb3\xb8\x18\xe4\x97\xc1\xdb\x7b\x3a\x18\xdc\xbc\x4c"
	"\x0a\x36\x21\x2b\x29\x9c\x98\xa7\x51\x36\x2c\x3b\x2d\x18\x52\x6c"
	"\x5a\x08\xb6\xeb\x67\x92\x89\x5a\xac\xbb\xf3\x02\x49\xe1\xf9\x50"
	"\x92\x89\xa8\x77\x13\xbc\x4d\xac\x9b\xa1\x57\x64\x4e\x53\xd5\x0c"
	"\x93\x4f\xb9\x6a\xb2\xb2\x81\x2f\xe9\x60\x0a\xce\xd5\x9c\x95\x84"
	"\xa3\x75\xa5\x49\xae\xe2\x2d\x2a\x3b\x2d\x64\xf2\x6d\xef\x24\x12"
	"\x7b\x45\xdb\xc3\xd0\x48\x5a\x41\x21\x3e\x9d\x26\x04\x5c\x30\xa6"
	"\x2c\x1c\xcc\x7e\x70\x7e\x28\x8b\x76\x70\xb6\xed\x79\x4f\x1c\x89"
	"\x95\xf6\x78\x70\x1e\xb6\x8b\x80\x07\x89\x11\x36\x5c\x45\x16\x86"
	"\x64\x20\x4e\x6a\xee\x1f\x75\xee\xfd\x78\xb5\x9b\x58\xaf\x1d\xb7"
	"\x7b\xb5\xe9\x65\xc4\x93\xcc\x29\x85\x57\xf5\xc3\xec\x0a\x4a\x46"
	"\xb3\xb2\x4a\x54\xa3\x45\xad\xeb\x93\x71\x8a\x34\xa2\x4c\xf3\xa4"
	"\x1c\x2d\x3c\x82\x63\x92\xbb\x13\x94\xa6\x44\xb2\xce\x5b\xfa\x5b"
	"\xd2\x98\x57\x4e\x44\xf1\x2e\xbb\x34\x45\xb4\xd5\xea\xa4\x8e\x3e"
	"\x29\xd8\x31\x1b\xa4\x64\xb9\x54\x55\x1e\xb2\x58\xec\xd5\xfc\x87"
	"\x2d\x12\xc5\x5e\x94\xb2\xe0\x44\x16\xfd\xb9\xb0\x9b\x6e\x5a\x30"
	"\x4a\x50\x97\xaa\x5c\xfa\x48\xfe\x27\x52\xaf\x81\xdd\x24\xc6\xf8"
	"\xff\x93\x76\x65\xcd\x8d\xe3\x48\xfa\xaf\x28\xf6\xa9\x3b\x62\x6b"
	"\x47\x24\x45\x8a\xda\x89\x79\x20\x41\x4a\x62\x8b\x97\x09\x52\x96"
	"\xeb\x45\xa1\xb2\x59\x2e\x45\xdb\x92\xd7\x96\x77\xda\xf3\xeb\x17"
	"\x09\x90\x14\x0f\x24\xa8\xdd\x8d\x8e\xe8\xb2\x90\x1f\x40\x1c\x89"
	"\x2b\x91\x47\x92\x0f\xd6\x9f\x5d\xc0\x26\x24\x52\xca\x77\x3f\x4b"
	"\xfa\xbd\x5f\xa7\xe1\xc7\x8e\xef\x0f\x1e\x3b\x33\x0d\xf7\x97\xca"
	"\x9b\xed\xba\xc0\xa7\xab\x13\xa6\x43\x7d\x0b\x88\xbf\x2d\x3d\x6a"
	"\x0a\x65\x18\xc9\xb2\x20\x33\x3b\xaa\xc0\x42\x6d\x5a\xf8\xdf\x60"
	"\xf7\xa4\x6e\xb9\xd7\xc0\x6a\x3a\x01\x30\x52\x4c\xb2\x26\x01\xd8"
	"\x8e\xe5\xec\xc8\x2d\x3c\x16\xb4\x1d\x35\xbb\x43\x8b\x13\xae\xf9"
	"\x33\xf0\xe8\x0c\x56\xd2\xb0\x13\x39\x74\xbf\x6e\xdb\x06\x76\x34"
	"\x92\xb8\x36\x0e\x09\x7a\xf9\xe2\x98\xad\xa1\xc4\xdf\xc7\xfe\x7d"
	"\x1d\xdd\xad\x89\xde\xd6\xf1\xfd\x07\x7d\x77\xf5\x2b\xd2\x76\xc4"
	"\x29\x5c\x3e\xd7\x46\xa6\x7d\x2f\x9e\x5d\xad\x6f\xd4\x1b\x66\x92"
	"\xaf\x54\x34\xf0\x40\x93\xfb\x61\x80\x58\x82\xd6\x28\x37\xe4\xab"
	"\x33\xcd\x51\xde\x00\x24\x2c\xba\x60\x76\xbe\x5a\x71\x0f\xe8\x2e"
	"\xaa\x7d\xc4\xdd\x74\x22\x2f\x92\x40\xbb\xe7\xc3\xe1\x3a\x4b\x39"
	"\xa7\x9d\x3f\x2e\xb5\xb7\xf6\x17\x70\x32\x32\x74\xd4\xc0\xf3\x5b"
	"\xf3\xdd\x74\x0a\x03\x87\x30\xc9\x0e\x98\xa4\x3f\xae\x22\x75\x30"
	"\x9e\x22\xb5\xb2\xc6\xe9\x0f\x85\x5f\x15\x84\x77\xe1\xae\xd0\xb5"
	"\xe9\x3a\x55\x82\x02\x9a\x6a\x9a\xb5\x1b\xc5\x18\x96\xae\xc4\x2c"
	"\xd9\x80\x81\xea\x8e\x0a\xc3\xb6\x24\x63\xa6\x6b\xea\x4a\x8f\xb5"
	"\xaa\x18\x03\xd0\xd0\xd6\xd4\xdf\xc8\x6c\xc7\xb2\xcc\xc5\x5c\x09"
	"\x5a\x57\x96\x73\x5c\xcb\x51\xca\x11\xc2\xcd\xcc\x84\xbc\x1c\x3e"
	"\x3e\x86\x77\x4d\x3e\x1f\xdb\x3a\x6a\x7c\xc6\x66\xdc\x37\x52\x37"
	"\xf1\xde\x1b\x8c\x6d\x1e\x91\xc1\x27\x63\xb6\x48\xff\xe7\x84\xb7"
	"\x30\x4f\x32\x70\x19\xf1\x54\xbe\x81\xfb\x47\xf0\xd3\x49\x21\xfc"
	"\xd8\x8f\xcf\xcb\xc4\x0d\x37\x30\xf3\xf7\xd4\x9b\xbc\x1e\xbe\x6a"
	"\xb5\xb3\xc3\xcb\xc7\x79\xf2\xa3\x9c\x9c\xca\xf2\xa9\x7c\xfa\x3b"
	"\x2b\xb4\xec\x94\xb4\x2e\x5f\xde\xb8\x0a\xda\x2b\x04\x76\x3c\x9e"
	"\x7e\x9e\xbb\x0d\xa9\x70\xfd\x6a\x56\xc9\x0a\x03\x8b\x36\x0a\xae"
	"\xb1\xec\x34\x31\x8a\x03\x63\xfc\xa5\xe3\x8e\xe2\x96\x6c\xfb\x26"
	"\x88\xe7\xa1\x36\x2e\xa0\xa0\xf8\x38\x0a\x63\x7f\x3b\xf9\x28\x8a"
	"\x7a\x5e\x36\x5d\xdc\x04\x43\xa2\x15\xb7\x61\x7f\x14\x51\x0a\x11"
	"\x23\x47\x81\x4e\xe8\x14\x9e\x33\x0a\x4b\x62\x7f\x20\xc5\x90\x02"
	"\x37\x4e\x16\x8d\x17\x57\x7b\xff\x65\x03\x42\xc6\xc7\xc3\x8f\x59"
	"\x27\xba\x96\x6e\xe2\x7d\x5d\x38\xf2\x6d\x3c\x78\x3d\x3c\x1f\x4f"
	"\xcf\x2d\x57\xb8\xdd\x85\xc3\x23\x2a\xe7\xd1\xfc\x2e\xa4\xe0\xac"
	"\x20\x1d\xd8\x77\x75\xf3\xf3\xf9\xee\x65\x44\x5a\xb7\xf8\x7c\x39"
	"\xfe\xfc\x9a\xfc\x14\xd1\x12\x7a\x33\x9c\x7b\xd0\x6f\xac\x5b\x5b"
	"\x84\xca\x91\x1b\x3b\xa3\xf7\xa7\x3b\xa7\x04\xfd\x54\xe1\xd6\xcc"
	"\x63\xd7\x9c\x80\x6d\x68\x70\x65\xec\x9d\x1d\x9a\xa9\x96\xf7\x62"
	"\xc2\xf0\x6a\x44\xf9\x55\x2b\x11\xcc\xc0\x90\xcd\x07\x6c\xac\xb3"
	"\xd8\x09\x55\x55\xe6\x76\x58\x83\xef\xf3\x86\x36\x6a\x61\x4d\xfc"
	"\xc0\x36\x82\x9d\x3b\x9d\xcc\xe9\xad\x78\x7c\xbd\x03\xbd\xe4\x7d"
	"\x98\x82\xbf\xb0\xe1\x91\x02\x42\x6c\x36\x9d\xc2\x52\xc0\x25\xc7"
	"\x1d\x41\x1a\x20\xe4\x8f\x3e\xc8\x15\x88\xef\x55\xbd\xc1\xcd\xd7"
	"\x06\x5d\xc2\x63\x1b\x80\x5b\x37\xe9\xb8\xaf\x36\x01\xc0\x90\xcf"
	"\x54\xa6\xc9\xf7\xac\x42\x49\xca\x4a\x0f\xbe\xd7\x97\xaf\x86\x2d"
	"\xf2\xaf\xb7\x92\x4c\xa2\xc3\xe9\xf0\x0c\x4e\x94\xb9\x97\xb4\x1e"
	"\x73\xe4\x0f\xa9\x0f\x0f\xbe\xb1\x03\x47\x13\x64\xdc\xef\x89\x31"
	"\x38\x64\xb1\x34\x5e\x7f\xdc\x5d\x3a\x20\x56\x8e\xb7\xf2\xb1\x91"
	"\xe6\x08\x0f\xbc\x8a\x64\x49\xd8\x44\x7a\x6c\xfc\xd0\xad\x5e\x3e"
	"\xcb\xea\x08\x53\x3b\x93\xef\x9d\x03\x21\x7f\x3f\x98\x66\x43\x48"
	"\x96\x57\xe7\x32\xfd\x8a\xe1\x2e\xd6\xc9\x3a\x60\x67\x70\xdf\x51"
	"\x1e\x34\xe6\xd6\x54\x3a\x0d\xa1\x8a\xf2\x5d\x56\x58\xb9\x0d\xf6"
	"\x26\x61\xfb\xc6\x52\x28\xeb\x00\x7c\xf1\x12\x30\x95\x1d\x70\x0b"
	"\x26\x1a\x3d\x86\x72\x82\x8c\x80\xb3\xbb\x51\x5c\xb6\x31\x34\xe4"
	"\x85\xba\x05\x13\x32\xde\x31\x14\x59\x1b\xc8\x93\x54\x0b\xc4\xcf"
	"\xdd\x6b\x5f\xb5\xcf\x09\x20\x68\x1d\x80\x50\xdc\x0f\x7d\xe5\x79"
	"\xba\xfe\x78\xca\xce\x7e\xbb\x51\x54\xb5\x9d\x44\xf6\x18\xd2\x8f"
	"\x7a\xa1\x1c\x86\x90\x65\xee\x05\x6c\x3c\x12\x64\xdc\xb7\x01\xe6"
	"\xe6\xa6\x05\x0a\x52\xc4\xe8\xa2\x8d\x19\x2d\xc5\x67\xd3\xf0\x96"
	"\x4e\xaa\x71\x7b\x64\x49\x6a\x37\xce\xd6\x74\x43\xbf\x01\x65\x1a"
	"\xa3\xbd\xbe\xe2\xce\xb3\xc6\xbb\xe2\x7e\x14\x52\x14\x63\x10\x78"
	"\x0b\x48\x9d\x78\x9f\xaa\xce\x2a\x1d\xe8\x28\x2c\xa4\xa3\xbd\xb5"
	"\x49\xdc\x80\xcd\x4d\x32\x3a\x02\x11\xdb\x2b\x8a\x1b\x3a\x96\x7b"
	"\xee\x1a\x05\x25\x74\x8e\xe9\x0c\xf4\x60\xf6\x6c\x1c\xb6\x2b\x6e"
	"\xe1\xa1\xd8\xd9\x46\xdd\x4e\x1b\x62\xd2\x50\x37\xa6\x06\x32\x2f"
	"\xd8\x26\x64\xd9\xe6\xe8\x04\xbc\x23\x4e\x31\xca\x59\x77\x6c\x7b"
	"\x01\xf1\xc5\xe8\xaa\x99\x92\xd4\xde\x99\xa3\x30\x67\xe9\x8f\x2f"
	"\xc0\xe0\xc9\xf9\x3e\xc8\xd8\xc2\x44\xe9\x28\xfa\x21\x72\x91\x88"
	"\x36\x2d\xd4\xf8\x74\xe4\x6e\x12\xff\xc0\xfc\x9c\xb7\x80\x3b\xb6"
	"\xf2\x27\xa3\xfd\x01\x47\x8a\x64\x94\xf3\x93\x28\x0e\x62\x3f\xbf"
	"\xa5\x30\x32\x5e\xda\x0e\xa4\x6c\xfb\x68\xb4\xb8\xfb\x80\xae\xdd"
	"\x24\x1e\x1f\x08\x5a\x68\xd3\x51\xae\xbe\xcb\x47\xe7\x5a\x91\x7a"
	"\x73\x7b\x39\x9d\x1b\xa3\x85\x0d\x6e\x99\xcd\xd9\xa0\x2b\xdb\x7a"
	"\x92\x4b\x66\xfc\x28\xb0\xf0\xda\x30\xaa\x8e\xef\xc4\x8e\x57\xe4"
	"\xca\xf9\xb0\xa5\xfe\x4a\x21\xa1\x5a\x25\x39\x1c\x26\x71\x84\x42"
	"\x10\x51\xef\x9a\xe4\x61\x4e\x2c\x43\x01\xe3\x7e\xb4\xf1\xb3\x95"
	"\xc7\x9f\x99\x70\x01\x0e\xec\xa7\x7e\xa8\x58\x91\xf9\x2b\xb6\xca"
	"\x47\x1d\x6f\x09\xde\x90\x3c\x83\x43\xfb\x36\x70\x33\x08\x85\x80"
	"\x57\x34\xb9\x77\xb2\x2c\x50\x20\x50\x17\x72\x42\x2c\x26\xfc\x39"
	"\xb3\xd3\xff\x32\xd8\xc1\x35\x45\x71\xdc\x84\x97\x9f\x25\xbe\xf1"
	"\x3d\xb0\xdc\xf8\xa8\xfb\xdf\x79\xbf\xed\x70\xa6\x5a\x17\x2e\xfc"
	"\xab\x9b\xda\x0e\xbf\x3e\xaf\x69\x00\x61\xe1\x5c\xc3\x9c\x1a\xa3"
	"\xa0\x99\x85\x68\xb3\xf2\xbe\x0f\xe2\x8d\xb8\x71\xaa\xbb\x88\xac"
	"\x9d\x84\xb2\xfd\x57\x3a\x97\xd2\x5f\x5f\x1f\xc7\xc7\xc3\xcb\x24"
	"\x3c\x7c\xb1\xcb\x01\x32\x99\x7a\xb1\x35\x87\x02\x5e\x67\xe3\xa3"
	"\xae\xae\xe2\x24\x15\xe2\x4d\xe2\x07\x72\xe7\x15\xcd\xc5\xa5\xbe"
	"\x43\x2e\xd1\xaf\xf1\x00\xa4\x5b\xb7\xa0\x6a\xf1\xe5\x14\x3f\x1b"
	"\x17\xa1\xd4\xff\x14\x2f\x9c\x5f\xb1\xfa\x5b\xa9\x48\x1d\x91\x7a"
	"\xb5\x41\xe0\x64\x59\xfa\x92\xd5\x02\x42\x13\xf6\x5c\xd9\x65\x31"
	"\x9d\x4a\xe8\xb5\x00\x20\x2e\x22\x88\xa9\xb0\x04\x47\x22\x7a\xeb"
	"\x93\x8a\x0b\x4f\xbb\x30\xb0\x68\x01\x23\xbe\xfe\xc3\x01\x4f\x6c"
	"\x2e\xf8\x60\x47\x9b\x50\xe1\x05\xaf\x7d\xbb\x2b\x62\x59\x38\x3f"
	"\x2e\x53\x8d\xd9\xca\x20\x1e\x9a\x53\x08\x21\x91\xb3\x9d\x24\x5f"
	"\xef\x31\x0f\x32\x5c\xde\x40\xae\x71\x1c\xa3\xbc\xa8\xbc\x7a\xf6"
	"\xbe\x18\xc1\x4b\x04\x88\xbf\x61\xed\xe0\xce\xf5\xfa\x5f\xae\xeb"
	"\x2e\x6a\xe0\xdd\xc3\xfb\xb2\x13\xf2\x90\x7b\x72\x06\x2f\xdf\x8f"
	"\x6f\xbf\xca\x77\xc6\xe2\x57\x71\x7e\x9f\xbf\x6b\x71\x76\xe1\xe1"
	"\x77\xc2\x55\xa6\x24\xd7\x52\x66\x14\x90\xee\x1c\x7d\x8e\x2f\x2f"
	"\xd1\x56\x59\x3c\x90\x0d\x85\x14\x3c\x4e\x21\x3b\x7f\x3d\xc0\xcb"
	"\x80\x0a\xe2\xcb\x97\x0b\xf1\x2a\x15\x55\x70\x22\xcf\x34\x0d\x4b"
	"\x05\x61\x07\x18\x5d\x9f\xeb\x6a\xba\x8d\x6f\xfd\xab\x64\x83\x5f"
	"\x3a\xfc\x95\x3e\xcd\xc7\x26\xe0\x2e\x60\xcb\x22\xde\xcb\xdc\xf9"
	"\x8e\xe2\xb9\x26\x0c\x5c\x64\x32\x2c\x87\xe2\xfd\xe2\x2a\x8b\xe8"
	"\xa4\xfa\xb0\x35\xf7\x73\xc7\xfd\xdc\x4b\xc1\xc2\xfd\xc4\xe5\x20"
	"\xa5\xeb\x2f\xaa\x4a\xcb\xd3\x7e\x52\x3a\x4c\x12\xe2\x33\x9a\x91"
	"\x61\x53\x06\x49\xec\x47\x7c\x5d\x00\x3b\x24\xb8\xc3\x27\x72\xa2"
	"\xf8\xb3\xeb\xaa\xa9\x9d\x5e\xf5\x10\xd2\xdb\x0d\x4a\x74\xad\xbc"
	"\x84\xc4\xf5\x77\x63\xf9\x63\x45\x7e\x9f\xe0\xa7\xa4\x36\x08\xa2"
	"\xd1\x51\x54\xc0\xd6\x20\xeb\x41\x43\xca\xf1\x6f\xf8\x58\x04\x6e"
	"\xea\xea\xb7\x98\x51\xf4\x72\x1f\x82\x0b\xc4\xb1\x7a\x0d\x39\xa7"
	"\x45\xf2\xf0\xee\x61\xcc\xe0\xb9\xe3\x85\x0f\x18\xae\x45\x4b\x15"
	"\x34\x94\xad\x5a\x98\x1b\xf8\x4b\xc6\xb3\x6d\x9a\x9c\xd1\x1b\x44"
	"\xe1\x6f\xfd\xb8\x57\xf4\x60\x0b\x53\x74\x51\xe1\x10\xed\x96\x91"
	"\x02\x9c\x2a\x04\xd0\x10\xae\xdf\xd0\xf5\x62\xfe\x63\x85\xac\x03"
	"\xef\xa6\x6f\x6d\xc9\x2d\xb0\xea\xc9\x52\xbe\x95\x9e\xff\xc9\xc3"
	"\x6d\xbc\xc0\x19\xf1\x8b\xc7\x46\x04\xb1\xf8\x37\x89\x89\x2c\x97"
	"\x85\x77\x34\x5a\xb8\x70\xbc\x20\x0a\xf1\x0e\x3c\x84\xc0\xc3\xbe"
	"\xf2\xe4\xb6\x47\x8f\x7e\xf7\x32\x2e\x8e\xa2\x16\x4b\x44\x10\x83"
	"\xbb\x3a\x81\xd0\xbc\xf3\xe6\x01\xb1\xbd\xfc\x3b\x76\x2d\x6c\xe3"
	"\xab\xc4\x41\x60\x43\x56\x8c\xdb\x8b\xb4\x54\x27\x81\x42\x85\x9f"
	"\x65\x7e\x1d\x67\x47\x06\xa9\x5c\xe8\xd9\x2d\x55\x6b\xe0\xde\x02"
	"\x73\x3c\x04\x39\xd1\x03\x3e\x10\xfd\xc8\xf5\x3d\x8f\x7d\x93\x62"
	"\x21\x53\x01\x05\xaf\x35\x31\x3f\xf5\x81\x9f\xa5\x00\x2f\x8e\x64"
	"\x0f\x69\x9e\x0c\x43\x7f\xf2\xd0\xb3\x22\xfa\xec\x0d\xda\x11\x50"
	"\x92\x22\x74\x5b\x04\x56\xf7\x11\xfb\x27\x40\xe9\xd4\x5b\x2b\xa8"
	"\x79\xb0\x8c\xe0\xd9\x1b\xcd\x9d\xe2\x79\x89\x3b\xc7\x22\xc6\x33"
	"\xea\x16\x22\x93\x7a\x51\x44\xf0\xfc\xce\x36\x60\xe7\xf2\x7c\x5d"
	"\x40\xf8\xae\x9d\x9c\xef\xd8\xd9\xb4\x3b\xfa\xde\x3d\xdc\xca\x1d"
	"\x32\x48\xb5\x66\x6e\x00\x57\x07\x3a\x24\xa5\x61\xbe\x8c\x06\xa9"
	"\xfd\x87\x9a\x2a\xb9\x1f\x20\x4b\xa4\xb2\xd3\x34\x3b\x4a\x1b\x3a"
	"\x7c\x83\x2e\xb3\x7d\xd6\x0d\x09\xd7\x2e\x71\xbf\x8c\x52\xb4\xd1"
	"\x0c\xb5\x31\x54\xd4\x54\x31\x5a\xdb\xc2\x35\xa6\x78\x97\x17\x74"
	"\x4d\x14\x44\x6f\x1d\x58\xec\x7a\x88\xe7\xcf\x13\xba\x0e\x5c\x47"
	"\x59\x85\x08\x71\x19\xc9\x99\x25\x4b\x23\xf9\x95\x3d\xf2\x23\x9a"
	"\x07\xdd\x9b\x6d\x7d\xaf\xf5\xef\xb9\x36\x52\x4b\xf3\x17\x74\x93"
	"\xb8\x17\xda\x8e\x33\xe1\x26\x55\xe1\xe9\x99\x83\xdc\x0c\x24\x14"
	"\x31\x88\x7f\xd6\xf7\xd5\x05\x69\x78\xab\x01\x25\x69\xc9\x3d\x5d"
	"\x94\x40\x22\xcb\x40\x8c\xa2\xae\x00\x53\x01\x08\x23\xc3\x44\x84"
	"\x73\x35\x1d\xb3\xd6\xe7\xf4\x94\x38\x0b\xd3\x50\x00\x50\xaf\xb2"
	"\xa2\xf8\xd4\x58\xcc\x66\x6a\xba\xa9\xab\xe8\xa6\xa9\x6b\x23\x74"
	"\x43\x4d\xb7\x94\xe5\xdb\xe6\x54\x59\x3e\xea\xee\xf7\xda\x3d\x88"
	"\xe7\xdd\x06\x60\x19\x0a\x80\xc7\xce\x18\xfa\x8c\x4e\x11\x2b\x27"
	"\x51\x08\xe2\xc1\x98\x13\x33\x7f\x55\x84\xa8\x4c\x4e\x70\x89\xc7"
	"\x6e\x69\xaa\x5e\xc8\x0d\x73\xa1\xe8\xc5\x9c\x38\x96\x89\x38\xfc"
	"\x15\x80\x90\x98\x0b\xcc\xb8\xb1\xe1\x43\xf3\x2f\xc9\xb4\xe3\xd4"
	"\x4d\xee\xe9\x56\xd7\x88\x9e\xa7\x07\xd4\xd0\x96\xa1\xa1\x2d\x14"
	"\x25\x57\x98\x9e\xcb\xbb\xde\xd4\xe2\xea\x51\x3f\x5e\x8e\xa7\x3f"
	"\x7f\xd3\x7e\xe7\xa7\x9f\x6c\xe5\x4e\x2a\xfb\x84\xcf\xd3\x13\x3c"
	"\xa4\x0f\x6d\x8f\x26\xbf\x5d\x55\x7e\x7f\x1f\x4e\x4e\x90\xd8\x29"
	"\x06\x86\x3e\x50\x4c\xb4\xcf\xe9\x05\xf5\x15\x63\x46\xf5\x28\x75"
	"\xbb\x83\xd6\xb4\x29\x7f\x3f\x3e\x3f\x77\x0e\x68\x6d\x35\xca\xe1"
	"\x6a\x55\xeb\x57\x0e\xe4\x39\x72\x58\xc2\x96\x2c\x4c\xad\xa9\x03"
	"\x5c\xfb\xec\x90\xe3\x62\x0f\xd2\x1d\xa8\x5a\x55\xbf\x03\x25\x48"
	"\xf8\xc4\x0e\x48\xbd\xec\xd4\xa8\x5a\x1f\x56\x12\xf5\xef\xf8\x76"
	"\x39\xfc\x78\x29\x3f\x26\x17\xd1\x99\x57\x46\x88\xcb\xcb\xcf\xe3"
	"\xcb\xa5\xd1\x0b\x99\xfc\x06\x7d\x7e\x39\xbc\x3f\x97\x97\x21\x17"
	"\x34\x7d\xcb\x8e\x63\x34\xc0\x82\x27\x75\x1b\xe8\x44\x3d\x07\x4e"
	"\x72\x5c\xea\xc4\x81\x4c\x95\x86\xde\x07\x79\xd7\x08\x4e\xa4\xe0"
	"\x9d\x52\xd1\x87\x9e\xa3\x5a\x11\x0e\x08\xdb\xa7\x02\x37\x08\x03"
	"\x24\x0c\x56\xc0\xfe\x1f\xb3\x5d\x59\x1a\x30\xd6\x67\xcb\x98\x4c"
	"\xb8\x08\xe9\x12\x78\x96\x13\x90\xcd\x5c\xb7\x5a\x48\xa8\x77\xda"
	"\x56\xd2\x9a\xb0\xa3\xc0\x83\x3c\xb1\xf6\x0c\xff\x6f\xef\x97\xc7"
	"\x6b\x64\x5e\x00\x40\x88\xe0\x64\x4d\xba\xb9\xaa\xc4\x5e\xae\xa6"
	"\xa2\x00\x19\x9c\x6f\xdb\x1f\x65\xbc\x0b\x97\x80\x6e\xa1\xf1\x96"
	"\x1d\x28\x6a\xf5\x1c\x96\x30\x39\x9e\x18\xdf\xfc\x3c\x74\xe2\x17"
	"\x02\x10\x84\xe0\x4d\xbc\x90\x7e\x3a\xe8\x6c\x49\x92\x7b\xbe\xc0"
	"\xdb\xe9\xfb\x22\xf0\xf7\x7d\xaf\xe0\xdd\xb6\x64\xdb\xc1\x2d\xa3"
	"\xd1\x8f\x87\x9a\x4a\x8e\x1c\x75\x3e\xc7\x75\xcd\xef\x3e\x12\xf3"
	"\xec\x0a\xda\xd9\x88\xd2\x48\x0d\xf1\x28\x1a\xe7\xa1\x0d\x41\xac"
	"\x84\x5b\x10\x0b\x91\x41\xd6\x90\xf5\x43\x64\x9b\x96\xba\xbe\x91"
	"\xb3\xb3\x16\xc8\x99\xb5\xc6\x64\xd4\x24\xc6\x5c\x47\x58\x00\x10"
	"\xb0\x2a\x53\x6d\xd1\x1f\x17\x20\x05\x34\xd4\xf4\xa9\xad\xfc\x80"
	"\xc0\xe8\xea\xd6\xec\x18\xc4\x54\x22\x52\xb2\x44\xed\xf6\x3b\x98"
	"\xa9\x75\x03\xe8\x16\x8c\x3d\xd2\xb9\x33\x2d\xb7\xd5\x7d\xeb\xde"
	"\x19\x48\xa0\xa3\xa6\x6f\xd9\x49\x75\x81\xc4\x43\xa8\x31\xcb\x08"
	"\xf5\xd8\xd3\x0c\x22\xe3\x4b\x6d\x14\x62\x22\x0e\x57\xda\xa5\xe8"
	"\xea\x51\xf0\x23\x63\xaa\xab\xd9\x3b\xdb\xda\xf6\x54\xdd\x75\xd4"
	"\x1c\x46\x73\x85\xcb\xee\xc8\x1c\x85\x1e\x5f\x8c\x0f\xca\x62\x36"
	"\x3e\x43\xf5\x71\x88\x39\x0a\x99\x19\xe3\x90\xf1\xa5\x60\x31\x1d"
	"\x9f\xc3\x88\xca\x5d\xd3\xe5\x0b\xcc\x01\xdb\x75\x68\x67\xe3\xa3"
	"\x6f\x69\xda\x0d\x6b\xc5\xcc\xbe\x61\xcd\xd1\xc7\xa6\x97\xae\x8d"
	"\xcc\xe5\x88\xa4\xf3\x85\x89\x2c\x4b\x12\x47\x77\xc0\x3f\x20\xce"
	"\xbb\x61\xad\xf7\xa8\x81\xa9\x54\x75\x6b\x38\xc6\xe8\x8c\x8f\x16"
	"\x44\xc7\x83\x2b\x8f\xd6\x43\xd3\x6d\x6b\x8c\x41\x4c\x4d\x1b\x85"
	"\x98\xa3\x9c\x68\xd9\xe6\x7e\xe9\x44\x41\xf8\x30\x86\x9c\xcf\xc6"
	"\x26\x87\x3e\x9b\xaa\xa7\x18\xcd\x37\xda\x3c\x77\x46\x18\x65\x66"
	"\xe7\x23\xad\x07\x88\x61\x8e\x42\xcc\x85\x1a\x42\x23\x4b\x1f\x69"
	"\x94\x7b\x37\xb3\x47\x98\x36\x4b\x4d\x32\x32\xcb\x80\x21\xd4\x33"
	"\xe8\xfb\x43\x7c\xd7\x15\x50\x71\xc6\x38\x9f\xbe\xc1\x0d\xa0\xcb"
	"\x2f\xb5\x21\xa0\xb3\xf5\x21\x60\x28\x94\x21\xdb\x83\xb1\x58\xa2"
	"\x0d\x2b\x87\xd3\x91\xdd\x03\x10\xea\x86\x2d\x73\xf6\xd7\xd8\x0e"
	"\x43\xe3\x2d\x55\xf7\xe0\xbc\xa7\xd4\xd0\xf8\xde\xa0\xe5\xe9\x83"
	"\x5d\x56\x47\xe6\x4b\xcb\xf4\x12\x6e\x75\xb2\x08\x5c\x70\xda\xaf"
	"\x8d\x08\xaf\xba\x19\x4d\x2a\xa2\x91\xc5\x00\xc3\x10\xdc\x2c\x71"
	"\x2f\x3c\x77\xb7\x1c\x38\xb0\xb4\xa4\x63\x09\x0e\x06\x42\x99\xc3"
	"\x78\x6c\xe5\x21\xe6\x29\x4e\x04\x52\xbd\x70\x6a\x23\x61\x53\xc1"
	"\x19\x35\x96\x97\xfb\x87\xe7\x22\x57\x4b\x3e\xe3\x22\x76\x74\x62"
	"\xdd\xb1\x95\xba\xaf\xad\xdd\x39\xf3\xe6\xb7\xcd\xb0\x0d\x63\x0a"
	"\xa9\xed\x76\x88\x47\xe7\x3d\x56\x91\x8a\x2c\xd8\x17\x45\xdd\x91"
	"\x24\x82\x51\x62\xbd\x14\xad\x10\xcd\xbd\x2b\x46\xae\x47\x73\x0f"
	"\xa5\x13\x15\x6d\x2f\xf3\xb2\x0f\xe5\x91\x97\x63\x79\xba\x74\x58"
	"\xc7\xa1\x0f\x31\xd9\xe7\x78\xc3\x58\xba\xf4\xca\xc0\xd2\xdd\x62"
	"\x39\xb4\x38\xe5\xe5\x81\x72\x4c\x97\x29\x18\x16\x9e\xa0\x72\x87"
	"\xb1\x4b\xd6\xe3\xbd\x2e\x11\x8b\xb4\x28\x3e\x08\x57\xea\x6e\xe4"
	"\x2f\xa7\xd8\x29\x35\xd8\x90\xdb\xef\x76\x89\x11\x02\x08\xa4\x27"
	"\xe2\xfa\x0c\x5a\xbd\x3d\xbe\xb3\xf6\xca\xe6\x20\x64\x0b\x12\x54"
	"\x3a\x5d\x91\xa3\x28\x90\xbc\xba\x80\x47\xdc\x8f\xf3\xcf\xcb\x64"
	"\xfd\xf5\x56\xbe\x7f\xdb\x4e\x9e\x3f\xcb\x8f\x8b\xcc\x5a\x79\xfd"
	"\x90\xfa\x70\x89\xa3\x24\xed\x3d\x2c\xd7\xdd\x9f\x3b\xab\x5e\x0c"
	"\xc7\x20\x43\x54\xb7\xd3\x2c\xa0\x91\xde\xb7\x99\x69\xc8\x8c\x0f"
	"\x7d\x2f\x40\x16\xac\xd0\xd6\x16\x7a\x81\x11\xb1\xd0\xec\x90\x6f"
	"\xae\x1b\x2e\xb2\x0c\xda\x73\x0d\x2b\xd3\xd6\x6c\xdb\xc7\xbe\x47"
	"\xcd\xde\x1d\x4b\x5c\x6a\x59\x57\x7f\x5c\x2a\x2b\xb4\x66\xc0\x38"
	"\xc9\x79\x7c\x2c\x5f\xca\xf7\xf3\x6b\x79\xe9\x0d\xa3\xc3\x78\x49"
	"\xb3\x74\x64\x1f\xab\xa9\x86\x92\xba\x50\x51\x67\x43\x5b\x18\xe7"
	"\x74\x78\x39\x3f\x4f\x2e\x8c\xaf\x8e\xcf\xc7\xcb\xe1\x05\x64\x4c"
	"\xac\xba\xc3\xba\xcd\x2d\xc4\xa9\x25\x23\xcd\x91\xbb\x16\x23\xd9"
	"\x1a\x9a\x4b\x43\x94\x85\x18\xa9\xa7\xc4\xd3\xae\x6a\x5d\xcf\x1f"
	"\xc7\x6f\x4f\xc7\xf7\xf2\x11\xd6\x00\xb4\xd2\xf9\xbc\xe7\x85\x54"
	"\x90\x0f\x6f\x87\x47\x56\xc8\xe9\xb1\xbc\xa9\xe5\x9a\x89\x36\x4f"
	"\x33\xd1\x36\xcc\x67\xc3\x2f\x7b\xbc\xc6\xec\x1f\xf1\x45\xfa\x75"
	"\xba\xfc\x2a\x3f\x8e\xbd\x0f\x2e\x6c\x03\x2b\x95\x91\x66\x92\x52"
	"\x45\x71\xcf\x5f\x6c\x2e\x3f\x9e\xdf\x4a\x46\x82\x3d\x5b\xc2\x5d"
	"\x53\x89\x3d\x54\x5c\x5e\xfe\x79\x7e\xff\x93\x77\xf0\xd7\xbf\xca"
	"\xf7\x7f\x9f\x04\xaf\x6f\xe5\x13\xef\x1e\x82\xf4\x89\xb9\xe8\x3a"
	"\x28\x16\xa2\xe0\xe3\xf3\xaf\x8b\xec\xdb\x39\x0d\xf5\xbf\xe6\x7f"
	"\x0d\x87\x94\x8d\xde\x7f\x97\x93\xf2\x54\xbe\x3f\x7f\x4d\xf8\x8c"
	"\x80\x19\x13\x90\xee\xc7\xfc\x39\xe6\xd9\x4e\xd0\x66\x0a\x9a\xad"
	"\xa0\x2d\x50\x9a\x6d\x0e\x7b\x39\x2b\x3f\xce\x2f\x20\xba\xbf\x81"
	"\x65\x74\xba\xc0\x58\x46\x67\x17\x8b\xa9\x8a\xa8\x0d\x47\xa8\x96"
	"\xaf\x4f\xbe\xc1\xaa\x72\x7a\x62\x13\xe1\x54\xb6\xbf\x28\xc2\x94"
	"\x9a\x68\x6c\xf9\xdd\x6a\xb8\x2b\xd3\xb7\xf2\xf0\xe7\xe7\x1b\xb4"
	"\x81\x35\x8c\xf1\xcc\x5b\x59\x3e\xfe\xea\xb8\x3e\x17\x0b\xfa\x7e"
	"\xe0\x7e\xab\x9a\x8f\x4f\xef\xe7\xe3\xd3\x75\xfb\x75\xe8\x5a\x48"
	"\x1f\xaf\x0d\xaa\x94\x29\xb7\xbd\x38\x28\x3d\x32\x84\x21\x67\x39"
	"\x93\xec\x61\xbf\x09\xc2\xb0\x13\x12\xb1\x3a\x27\x85\xd1\xc6\xeb"
	"\x3f\x40\x77\xfc\xd7\x80\xdf\x9a\xe6\xdd\xfa\xba\xff\x40\xa0\x76"
	"\xf9\x9e\x0e\x24\x90\xc1\xfa\x11\x3c\x1b\xa4\xdd\x92\x88\x93\x6d"
	"\xfd\xa4\xc8\x6b\x52\xa7\x40\xb2\x2e\xe2\x0d\xa7\x20\xc5\x12\x76"
	"\xae\x18\x96\xb9\x4e\x65\xa9\x42\xa3\x97\xeb\x0f\xed\x33\x9f\x74"
	"\x7c\x1c\x01\x3d\x73\x83\xb8\x97\xad\x51\xaf\x1d\x8a\xdd\xab\x01"
	"\x73\x13\xcc\xeb\x1e\x3b\x11\xef\xd9\x69\x78\xae\xcf\x90\x17\x2c"
	"\xcc\x46\xc4\x5b\xc5\xf2\x83\xdf\x8a\xee\xc1\x31\xbe\x9b\x20\x0f"
	"\x34\x55\xf0\x71\x12\x6e\xf6\xbb\x90\x1d\x53\xd9\x1f\xf7\xdf\x91"
	"\xda\x41\xc8\xf7\xa5\xbc\x98\xfb\x20\x24\xda\x74\x3a\xc5\x95\x50"
	"\xae\x08\x4c\x35\x03\xb3\x81\xdd\xd0\x39\x76\x7f\x5a\x65\xfe\x03"
	"\xa6\x12\x24\x14\x59\xb8\xf8\x9b\x90\xcc\xf7\xff\xcf\x4a\x4d\x3d"
	"\x2d\xa6\x9c\x60\x11\x94\x83\x99\x64\xd5\xa5\x87\xd7\x8f\x4f\xb6"
	"\x6a\xd2\x3c\x98\x24\x83\x23\xb1\xcf\xdd\xe3\x36\x82\x98\x0a\xeb"
	"\xb8\x44\x8e\x65\x04\x19\xb6\x0a\x34\x84\x65\xb9\xba\x9d\x19\xe4"
	"\x5c\x7f\xfe\xc0\xb3\xad\x0b\x17\xcb\x43\xc0\x75\x84\x2a\x23\x37"
	"\xc2\xc7\x73\x9f\x4e\x7c\xa3\x65\x5b\x0a\xfb\xe7\x5a\x4e\x27\xb6"
	"\xc4\xb5\xa4\xd8\x43\xbb\xb5\x2e\xd2\x3d\x9f\x2f\xb0\x39\xe5\xc7"
	"\x57\xb6\x2d\xfe\x2a\x1f\xff\x54\x57\x0f\x26\x04\xc1\xea\x27\x29"
	"\xac\x64\x3f\x5f\xcf\x4f\xe5\x58\x65\x79\xb9\xfd\x78\xea\x57\x7e"
	"\x4d\x42\x6f\x19\x20\x4a\x20\x64\x9d\xb1\x73\x75\xe3\x02\x46\xa6"
	"\xf3\xc9\x66\x27\xf0\x73\x98\x24\x9b\xa2\xed\xd0\xcf\xe1\xd1\xc6"
	"\x37\x10\xf4\x2c\x75\xda\xb6\xfa\xd7\xe9\xdd\x44\xb5\x10\xbc\x42"
	"\x5e\xce\xac\x55\xcb\xf7\xc3\x6b\x09\xa7\x8b\x76\x73\x5a\x4b\x02"
	"\xdc\x74\x9c\x3c\x40\xac\x9b\x01\xb1\xa6\xde\x66\x6c\x61\xa1\x81"
	"\x69\x98\xda\x0d\x28\x6d\x76\x03\x08\x71\x91\xdb\x02\x11\x8f\xf8"
	"\x73\xe4\x38\xdc\x83\x2d\x10\xa1\x7d\x1b\x46\x21\xe8\xca\x1e\x09"
	"\x26\xd6\xae\x1b\x7f\xec\xd1\xd0\xae\xba\x4b\xb2\x40\x16\x2d\xb6"
	"\xbd\x04\x83\x69\x7a\x7b\xcb\x68\xd1\xe2\xdd\x68\x0d\x30\xc5\x8f"
	"\x36\x64\xe7\x8c\x42\x02\x82\x1c\x70\xdb\x9c\x41\x4c\x75\x53\x06"
	"\x9e\xe3\x1a\xcd\x7a\x39\xb9\xd2\x41\x73\xb2\xc8\x9a\x75\xd9\xb6"
	"\x07\x28\x3c\xb0\x8f\x83\x81\xe9\x79\x17\xbb\x67\x3b\x4b\xdc\xb7"
	"\x43\x12\x8c\xcd\x99\x9d\x9e\x3f\xdf\xd9\x99\x79\xa8\xad\x0a\x6a"
	"\x0e\x42\x36\xd5\x49\x49\xb3\xc4\x6d\x4d\x25\x56\x33\xe1\xab\xab"
	"\x17\x16\xba\x9b\xce\xce\x0a\x39\xb8\xb8\x6d\xbb\xc6\xe8\x21\x92"
	"\x24\xdc\xdf\x27\xd9\xc6\xc9\xaa\x10\xd5\x6d\x71\x56\x96\x39\x79"
	"\xc1\xe0\xd3\xa9\x6d\xda\x66\xdb\x79\x1b\x0d\x42\xb0\xfd\x6c\x20"
	"\x9a\xa5\x4d\xf9\x7f\x9d\x0f\xb1\xce\xab\x01\xac\x80\x85\xde\x89"
	"\x1e\x02\x15\x11\x75\xa0\xa9\x8d\x08\xa2\x45\x64\xbc\x34\xc8\xe5"
	"\xcb\x0f\xcd\x48\x3d\x12\x51\xd7\x35\x09\xad\xdb\x47\x10\xf1\x55"
	"\x03\x88\xf2\x42\x57\x23\xf2\x48\x7e\xa1\xf7\x9b\xfa\x23\x76\xbc"
	"\x92\xe0\x42\xcd\x69\x2d\x8a\x8a\x6e\x20\x6a\x91\x74\x55\x43\xe0"
	"\xbc\xb2\x82\xeb\xce\xf1\x71\xc2\x89\x93\xf4\xf0\x5c\x72\xc5\x8f"
	"\x96\xe3\x8c\xd6\x69\x13\xf2\x83\x68\x67\x95\x83\x0b\x88\x7d\x98"
	"\x3a\xf2\x95\x72\x80\x64\x23\xb1\x9d\x53\xb4\x9a\x41\xb2\x6d\xb9"
	"\x2e\x4c\x96\x22\xb9\x5f\x73\x21\x87\xec\x4e\x8f\x1e\xb0\x49\xdd"
	"\x46\x9d\xa3\x7f\x1b\xad\x50\xd4\x05\x86\xa1\x11\x32\x18\x35\x71"
	"\xbf\x35\x24\xb7\xb1\xd7\xf3\xa5\x7c\x7b\x3f\x3f\x4a\xa5\xd2\x3e"
	"\x38\x21\x04\x3d\x86\x61\xc6\xb7\xd7\x8f\x81\x50\x06\xee\x27\xbf"
	"\xd1\xaf\x8f\x4b\xf9\x3a\x49\xd8\xde\xf5\xeb\xf8\xf6\x3b\x5c\x88"
	"\x1e\x8f\x3f\xd9\x48\x79\x3d\x09\xce\xeb\xcb\xf9\x99\x25\x43\xd8"
	"\xc5\x5e\x39\xee\xfb\xf9\xf0\xf4\x78\x7e\xed\xd1\x5a\x21\xe2\xc9"
	"\xde\xcd\x48\x44\x73\x77\xa8\x00\xf4\x1f\xd1\x4e\x56\xe6\xdd\xe7"
	"\xe1\x85\x15\xd9\x2f\xb3\x55\x22\xb6\xd4\x09\x0f\x29\x83\xe4\x54"
	"\x32\x7e\x69\xb4\xf7\x12\xc6\xdb\x31\x1d\x92\xda\x25\x90\xbc\xf3"
	"\x03\x0c\x9e\xd2\x41\x0e\x97\xb0\xd2\xdc\x15\x96\xce\x56\xd8\x3c"
	"\x91\xf0\x4a\x4d\x86\x32\x65\x2a\x3d\x02\x45\xdb\x6e\xed\x08\x38"
	"\x92\x58\x0e\x3e\x94\xf9\x70\x4a\x6a\xc1\x18\x0f\xf9\xf7\x4b\x69"
	"\xab\xb7\xad\x16\xb3\x9e\x21\x6d\x7b\x2b\xf1\xbb\xdb\x96\x65\xe8"
	"\xef\x64\x3d\x58\xa5\x77\xc1\xa4\x57\x20\x49\xaf\xdf\xb8\x6e\x7a"
	"\xd5\x57\x10\x6d\x9f\x8a\x7c\xc7\x96\xf7\x60\x15\xb3\x43\xef\xd0"
	"\xf3\xa3\x43\x78\x4b\x96\xc3\xc1\x03\x8a\x34\x71\x1f\x2d\x3d\xc9"
	"\x18\x70\x12\xd5\xe5\xf6\x6b\x41\x27\x9e\x5b\x95\x03\x3e\x5b\x7b"
	"\x25\x1a\x10\xa9\x37\xfc\x7a\x42\x86\x1c\x13\x91\x20\x5e\xb6\x1c"
	"\x9e\x8a\xdf\x7d\x05\xa5\xba\x50\x9f\x14\xac\x17\x3a\x06\x16\x15"
	"\x69\xe3\x67\x31\x6c\x2e\xe0\xc0\x8b\x74\x1d\xdc\xd6\x73\x02\x5c"
	"\x1a\xb3\xbb\x76\xea\xe4\x6b\x15\x8e\x46\xdc\x6d\x15\xb8\x4a\x05"
	"\xe5\xc3\xd0\xfb\x47\x63\x46\x2b\xae\xec\x34\x76\xb8\xb3\x35\x40"
	"\xf1\x4b\x37\x8d\x88\xa4\x43\xd9\x88\xb3\x02\xfc\x6c\xeb\xe3\x2c"
	"\x9d\xa6\x51\x5a\xec\x97\x6c\x67\xa9\x5c\x50\x25\xc3\x9e\x14\x98"
	"\xc6\xbc\x44\xfa\x2d\x81\x01\x09\xca\x0a\x0c\x9e\x7d\xc7\xab\x2b"
	"\x27\xdf\xeb\x64\xb9\x84\xde\xdd\x50\xd5\xaf\x9f\x0b\x62\xd7\x72"
	"\xb7\x5d\x7b\x37\x88\xf1\xa6\xf5\x44\x36\xf5\xae\x90\x47\xd2\xa1"
	"\xc9\x7c\x6e\x43\x8f\x53\xf6\x29\xe8\x9c\xb5\x39\x05\x12\xe0\x95"
	"\x8f\x0f\xa2\x39\xec\xfe\x26\x27\x2c\x6e\xf0\xca\xc3\x97\x98\x4c"
	"\xea\x0f\xa8\x9e\x03\xde\x56\x3c\xf5\x0c\x47\xe1\x4a\x82\x49\xa2"
	"\x22\x47\x01\x95\xb2\x43\x53\x1f\x3f\x8f\x46\xba\x8d\x4b\xae\x24"
	"\x65\x50\x76\x19\x63\xe3\x4a\xf1\xec\xfe\x3a\x1c\x56\x6e\xed\x91"
	"\xb4\xa3\xd1\xcc\x13\xb8\xd6\x9e\x70\xfb\x1c\x21\xde\x9c\x39\xcc"
	"\x4b\xd9\x9d\x13\x4e\x16\xc3\x12\x82\xc0\xa9\x68\x72\x8f\xbb\x1c"
	"\xb4\x2c\x62\x22\xf7\x80\xd9\x9f\x2f\x05\xb7\xd1\x6e\x89\x00\xf9"
	"\xab\x32\x48\x99\xf8\x12\x14\x17\x91\xcb\x46\xa6\x1d\x26\xb2\x88"
	"\x77\xc1\x9e\x66\x0e\x12\x8f\x16\xe2\x5f\xc8\x4c\xf2\x61\xcd\xf4"
	"\xb7\xcb\xcc\xbf\xab\x8f\x66\xd5\xcf\xc9\xea\xcc\x36\xd9\x53\x4f"
	"\x88\x5d\x11\xd9\x15\x7b\x5b\x47\xc2\x48\x62\xcf\x8f\x7a\x0a\xa8"
	"\x2a\x7c\x41\x31\x93\x4c\x09\x58\x74\x88\xec\x35\x72\x88\xe5\x46"
	"\x75\x0e\x5b\xc9\xb6\x9d\xf1\x69\x23\x5b\x86\xef\xa3\x35\xe0\xbe"
	"\xea\x80\xcd\x46\x91\xa0\x33\x4e\x53\xe7\x96\x32\x1d\x4a\x03\xd5"
	"\x2a\xe8\x84\x79\xbd\x87\x75\x06\xc3\xeb\x1f\x79\xe0\x58\xd8\xcc"
	"\x93\x7a\xfc\x50\x5a\xb3\x04\x75\x8e\x95\xf5\x91\xa3\x68\x70\x72"
	"\x89\x5b\xc3\x22\x42\x44\x2b\xad\x7d\x4e\xae\xa2\x2f\xff\xaf\xcb"
	"\xe3\xf9\x54\x3b\x73\x95\xd8\xad\x09\x38\x5b\x29\xc8\x1e\x75\x01"
	"\x54\x61\xfa\xda\xd3\x5d\x6a\x13\xa7\x4e\x96\x2c\xdc\x36\xee\x6b"
	"\xb3\xd4\x7e\xc9\xe0\x3a\xd7\x40\x1c\x8a\x56\x90\x2c\xb7\x17\x73"
	"\xc3\x51\x41\x68\x64\x9a\x88\x5e\x4e\x85\xa8\x3d\x6a\x60\xa6\x4f"
	"\x49\xf6\x20\xbb\xa1\xb4\x63\xde\xb2\x1f\x95\x83\x8a\x8e\x18\xbe"
	"\x49\xdd\x23\xae\x44\x01\xb1\x59\x06\x4b\x8e\x43\x11\xb5\x65\xaa"
	"\xbc\x16\xb5\xe2\x7b\xb7\x36\xe0\x12\xa3\x60\x57\x44\x0a\x53\xaa"
	"\x81\xe8\xdd\x82\x69\xed\x31\x1b\xfd\x34\x43\x54\x79\x25\xcf\x62"
	"\xf8\x13\xf1\x2e\x34\x66\x26\x1a\x7c\xa9\xa6\x63\x22\x70\x37\x72"
	"\x34\xe4\xad\x96\x91\x74\x1d\x23\x11\xcd\x9c\x0a\x07\x7e\xf2\x79"
	"\xee\x60\x5e\x17\x3c\xc7\x40\x04\x56\xec\x6e\x99\x79\x88\x0c\x4d"
	"\xd0\x16\x38\x0d\x91\xd6\xf3\x7e\xcd\x45\x45\xf7\x86\xb3\x0b\xe4"
	"\x82\xfb\xcd\x8e\x7a\x0b\x84\x42\xfe\xd8\x68\x53\x24\xa2\x6c\x44"
	"\x0c\xdd\xc0\xac\x04\x9d\xf9\xcc\xc4\x07\xa6\xa6\xe3\x66\xa3\xce"
	"\xdc\xb2\xd0\xb2\xed\x19\xf2\xce\xcc\x68\x0b\x13\x11\x7d\x0a\x1a"
	"\xd2\x94\x1d\x99\x4d\x11\x35\x5a\x46\xb3\x74\x64\x75\xa0\xc4\x31"
	"\xd0\xb8\x84\xf9\xc6\x36\xb0\xa0\x96\x8c\xe6\x3a\xe6\xff\x4b\x01"
	"\x41\xb7\x50\x55\x02\x7d\xa1\xe1\x24\xec\x09\x78\x3e\x9b\xe3\x1a"
	"\x0d\xf8\xb7\xe6\xf8\xb7\xe6\x0b\x03\xd5\x83\xb0\xe7\x18\x69\xa1"
	"\xa3\xb9\x16\x88\xa1\x19\xe1\x2f\x5d\x1a\x6c\x23\xf2\xf5\x37\x86"
	"\x23\x62\xea\x37\xf7\x09\xd5\x69\x97\x74\x43\x1b\xd8\x33\x44\xad"
	"\x73\xbd\xc3\x42\xe6\x05\xb1\xa3\xef\x76\x68\x6d\xc2\x9c\xe8\xb3"
	"\xb9\x86\xd3\x30\x5b\x43\xa0\x21\x2e\x6f\xd8\x16\xa6\x61\xda\xee"
	"\x40\xd3\x30\x7f\x72\x82\x68\xa3\x34\x03\x31\x3f\x80\x48\xab\x16"
	"\xd2\xfe\x88\xa4\x86\x8e\x18\x9f\x00\x6d\x86\x58\x58\xc4\x4e\x31"
	"\xc7\x54\x5b\xf3\x00\xfa\x73\x6a\x6b\x44\x49\x36\xd4\xb9\x67\x74"
	"\x8a\x98\xab\x0a\x84\xa6\x6b\x86\xad\xa2\x4f\x6d\xaa\x29\x6b\xa8"
	"\xe9\x36\x9d\x9a\x4a\x84\xa5\x51\x0b\x71\x87\xc7\x11\xec\x0b\x9a"
	"\xa9\x20\xcf\x17\x88\x66\x83\x20\xdb\x96\x8d\x36\x21\x0f\xc9\xcc"
	"\x44\x3c\xd9\x6e\x97\x96\x36\xed\x33\x6d\x25\xe1\x7b\x7b\x39\xfe"
	"\x3c\x0e\x96\x20\xdb\xb0\x24\xda\x44\xbf\xca\x57\xee\xe2\x8c\x4a"
	"\x94\x6e\xf2\xd0\x61\xe7\x84\x75\x75\x89\x41\xe6\x32\xb5\xb1\x79"
	"\xe5\xdc\xa1\xae\xc6\xb7\xdf\xed\xc5\xd0\xc2\x74\x7d\x7c\xaa\x15"
	"\x76\x41\x07\x4d\xbc\xc5\x35\x52\x4e\x9a\xd6\xc4\x86\xd0\xdd\x3b"
	"\x69\x5a\xd5\xb4\x17\x22\xa3\x7a\xd8\xfb\x3c\x5d\x5a\x82\xc9\x5a"
	"\xed\x88\xad\xdd\x07\xb1\x8a\x63\x4b\xb7\x39\xb5\x30\x1d\x1d\xd3"
	"\xb0\xa6\x28\x09\x55\x2b\x33\x67\xba\x86\x92\x66\x16\x4e\xc2\x54"
	"\x7e\x4c\x73\xa1\x67\x38\xcd\xc0\x69\x53\xb4\x65\x96\x3e\xcb\xd0"
	"\x0d\x1f\xd6\x36\x0b\x55\xf3\x32\x2d\x1b\x6d\xc4\x1c\xd9\x9a\x81"
	"\x64\x69\x38\x09\xad\xa7\x62\x43\x33\x50\x75\x43\xdb\x46\xf4\x14"
	"\xbd\x34\xc9\xf7\x1e\xa2\x25\x1c\x59\xba\x81\x34\x9a\xad\xaf\xa6"
	"\x86\xae\xe7\xa6\xad\xa3\x4b\xef\x6c\x8e\xbc\xb1\x02\x6d\x81\x2c"
	"\xbd\x62\xf2\xf7\xea\xd9\xe8\x6e\x3e\x7d\xbe\xbe\x7e\x55\xc2\xf6"
	"\x9a\xdd\x97\xef\xe5\x7f\x7d\x96\xa7\xc7\xaf\x46\x6d\xef\x5f\xa0"
	"\x92\xe5\x79\xf4\x6f\x69\x18\xd6\x28\xf1\x12\xc8\xdf\x78\x0e\x97"
	"\xf3\xfb\xdf\xbc\xe3\xc7\xe5\xfd\xf8\xe3\x13\xde\xf4\x7b\x5a\x7e"
	"\x3d\x8b\x39\x61\x9e\xf2\xeb\xf0\x51\x7e\x0b\x59\x19\xe5\xd3\x24"
	"\x3c\x9f\xdf\x26\xbf\xb1\xc2\x7f\x9f\xfc\x6c\x3e\xfe\xd1\xfa\x78"
	"\xb7\xc0\xe5\xcc\x90\x1c\xb0\xfe\x37\xca\x81\xe8\x7c\x03\x2a\x66"
	"\xe7\x56\x53\x2d\x95\xea\x29\x3a\xc9\x77\x19\x9d\x99\xd8\xb5\x63"
	"\xa5\x61\x47\xe2\xf4\x7f\x38\xbb\xb2\xe6\xb6\x71\x65\xfd\x57\x5c"
	"\x79\xba\xb7\xea\xcc\x8c\x36\xcb\xd2\x43\x1e\x28\x2e\x22\x22\x6e"
	"\x26\x40\x2d\x7e\x61\x79\x12\x4d\xc6\x35\x89\x93\xf2\x72\xce\xcc"
	"\xbf\x3f\xdd\x00\x17\x00\x44\x53\xba\xf7\x21\x15\x0b\xdd\x58\x88"
	"\xb5\xd1\xe8\xfe\xba\x9a\x4f\xe0\x4a\x42\x89\xdb\xcd\x45\x60\x7b"
	"\x2a\xf3\x91\x7b\x00\x13\xdb\xb9\x65\x8b\xa7\x36\xd1\xf3\xe3\xb7"
	"\xb7\x3f\xb5\xfd\xbc\x4d\x7d\x79\xbb\x29\x1f\xdf\xce\x37\xe9\x8f"
	"\xe7\xa7\x37\xbb\x0b\xa3\x70\xb1\xa0\x96\x8b\xa4\x2d\xa8\xc9\x3d"
	"\x9f\x8c\x08\x2b\x48\x1c\xba\x31\xc5\xef\xdf\x9f\xbe\x3c\xbd\xfd"
	"\xe3\x1c\xcc\x74\x36\x27\xce\xd3\x20\x16\xc4\x51\x13\xe3\x59\x4f"
	"\x88\x30\xb1\xe0\x33\x62\xf9\xc5\xa2\x22\x28\x9c\xdd\x51\x17\x0c"
	"\x24\xcd\x86\xdd\xce\x60\xcd\xbc\x21\xe2\xc1\xf7\xf3\xe3\xeb\xfb"
	"\xcb\xf9\xfb\xf9\xf9\xed\xe6\x1d\x7a\xda\x31\x55\x17\x93\xb1\xc9"
	"\xb8\x20\xef\xb8\x0c\x66\x14\x39\x6b\x1a\x32\xb5\x65\xef\xd2\xe3"
	"\x92\x92\x7f\xf7\x38\x25\x97\xa3\x53\x52\xe3\xa1\x6a\x68\xa6\x6d"
	"\xc2\xd3\x65\xc0\x8f\xd7\xdb\xd7\x7a\xc1\xa7\xa0\xe6\xd4\x4d\xdb"
	"\x4b\xe6\x18\xc4\xdb\x4d\x2b\x02\xbe\xa6\xa0\x73\x24\x91\x0a\xbd"
	"\xbc\x89\xa7\x94\xc1\x29\x92\x88\x11\xf0\xd3\xf9\x6c\x4a\x38\x3b"
	"\x22\x8d\xb2\x0b\x49\xe1\x13\xe6\x14\x69\x49\xcc\x33\x24\x2d\x89"
	"\xcb\xf1\xb6\x98\x79\x05\xcc\x42\x6f\x32\x71\xab\x87\x5a\xb5\x33"
	"\xe3\xc9\x6c\x3d\x21\x2e\x0c\x26\x13\x01\x8c\x23\x89\x53\xe2\x8c"
	"\xfa\xc4\x3d\x90\xc1\x09\xef\xb6\xa2\x9c\x90\x68\x33\xa2\xa4\x80"
	"\x62\x60\xd3\x80\xdd\x86\x18\xd3\xbc\x10\x30\xdc\xee\x8c\x05\x34"
	"\x65\x36\x21\xc9\x9c\x4d\xa7\x8b\x5b\xea\x7a\x3f\x9f\x13\x4a\x19"
	"\xe1\xf3\xf9\x82\x30\xbc\x92\x34\xc2\x99\xbe\xed\x5b\x34\x1e\xa7"
	"\x7c\xc2\x25\x6d\x45\xd2\x16\xb7\x73\x0a\x57\xef\x76\xba\x9a\xb9"
	"\xf5\xf6\x7b\x3f\x4b\xc8\xee\xdb\x87\x69\xb2\x9c\x10\x16\x62\xfb"
	"\x64\x39\x75\x38\x2e\xa4\x8f\x5f\x9f\xcf\x6f\x4a\x9b\xe7\x5c\xbd"
	"\x3b\x32\x32\xb9\x24\x11\xe2\xde\x6e\xb2\x5e\x13\x2b\xbe\x51\xd8"
	"\xa5\xde\x36\x1b\xd9\xec\x7a\x1e\x52\x2b\xe5\x6d\xe7\x53\x1a\xca"
	"\x6c\x7e\x3b\x5b\x8c\x2a\xe2\x64\xe1\xf4\xf9\xdb\x8e\x70\x9c\xfa"
	"\xb7\xab\xc5\x9c\x0e\x29\x6f\xf1\x59\xcd\x55\x9d\xfc\xfe\xed\xed"
	"\xe9\xe7\xb7\xf3\xdf\x96\x58\x84\x2d\x49\xab\xa3\xe3\xb0\xf9\xfc"
	"\xed\xe9\x79\x30\x28\xd7\x99\xdb\x63\xa1\xf2\xc9\xa5\xac\x0a\xe1"
	"\x52\xe3\x9a\x1d\x81\xaf\xd8\xa4\xb2\xb7\x95\xcf\x7e\xfe\x78\x83"
	"\xf3\xee\xc9\xa1\xf4\x85\xfb\x31\xe5\xb4\x8f\x92\xf1\x62\x35\x1d"
	"\xa1\xdd\x91\x92\xf1\x74\x4e\x4b\xd4\xd4\xba\x11\x45\xe2\x14\x47"
	"\xec\x8f\x80\x6e\x33\x4f\xed\x24\x2d\xd6\xd3\x89\x43\xd6\x2a\x5e"
	"\xce\xaf\x78\xd8\x3b\x17\xc6\xa6\x98\x2c\x27\xe9\x96\x98\xbf\x05"
	"\xa5\x74\x8e\x0b\xaa\xbb\x8a\x64\x3a\x1d\x51\xd2\x2a\x32\xb9\x1a"
	"\x8a\x04\x56\x03\x71\xd5\xe0\xb7\xa4\x72\x08\x48\xf3\xbb\xb1\x65"
	"\x22\x11\xf9\xdd\xfd\x7d\x4b\x89\x94\x71\x31\x9b\x2c\xdd\x9f\xf1"
	"\x50\x78\x70\x8e\x2e\xdd\xe2\xc3\x33\x9a\x1d\xbb\xfa\x9a\xcf\xd7"
	"\xa6\xde\xaf\x19\x9e\x1f\x7f\x3f\x7d\x47\x41\x13\x2d\xd7\xbf\x3c"
	"\xbd\x2a\xaf\x29\x47\x01\x09\x0b\xbc\x12\xe3\x95\x86\x96\xc7\x6b"
	"\xbf\x8c\xcb\x88\x90\x81\xf9\x71\x7d\x4b\x29\x95\x21\xd3\xd0\xbf"
	"\x4e\x9c\xbf\xff\xc4\x0b\x16\x31\x71\x60\xea\x33\xc4\x4f\x0c\xcb"
	"\x34\xf7\xf3\x8a\x0a\xb2\x94\x26\xc7\xf5\x64\x49\x1d\x4d\x69\x31"
	"\x21\x9e\x27\x24\xe9\x8e\x38\x74\x4e\x9c\x38\x3e\x25\x89\x38\x73"
	"\x32\xe1\x7e\xc5\xda\xa7\xa1\x8d\x48\xda\x81\x87\xa6\x3a\x92\x68"
	"\xda\xd9\xca\xf4\xa7\x39\x24\xa2\xc5\x67\x24\x08\x6f\x02\xa0\x4b"
	"\x34\xb8\xd5\xad\xbb\xfc\xa1\x5d\x19\x2b\xef\xd1\xa6\xcc\x7c\x6e"
	"\x35\xa2\xc1\x37\x09\x38\x02\x75\x56\x7e\x9c\xda\xe9\xfb\x59\x3a"
	"\x64\xde\xc3\xd6\x2f\x74\xbc\xc9\xe6\x0d\xb3\xbc\x37\xde\xfc\x10"
	"\x46\x97\xe8\x8d\x8d\x27\x60\x37\x3e\x0d\x5b\xdc\x11\x0e\x61\x92"
	"\x58\xce\xa9\x36\x0d\xce\x99\x24\xaa\xe1\x02\xe1\xc7\x5e\x69\x5b"
	"\xcd\xf4\x06\x67\xbe\xb4\x10\xad\x45\x5e\x47\x55\x92\x98\xa8\x57"
	"\xd7\x14\xd1\x56\x2b\x83\x4e\xe6\x65\xe8\x7b\xa6\x95\x87\x84\x0c"
	"\xae\x47\x0a\xe0\x22\x2c\x3a\xba\x81\xdc\x5b\x04\x1e\x2c\xbf\xb6"
	"\x02\x8c\x7c\xe9\x5e\x53\x8d\x53\x55\xcb\x18\x66\x5b\x1a\x01\x36"
	"\xaa\xc2\x64\xeb\x55\x18\x2c\x10\xc1\xcd\x2f\xf0\xa0\x06\xfd\x6e"
	"\x42\x00\x3a\x0c\xd8\x56\x57\xb1\x51\x6e\x6d\x3a\xdb\xdd\xdd\x8a"
	"\xb8\x1f\xd8\x6c\x8b\xeb\xd8\xe6\xd7\xb1\x11\xbe\x87\x72\x74\x10"
	"\xef\x8d\xec\xb2\x96\x83\xa7\x1b\x0a\x50\xb3\x65\xd9\xdc\xcf\x16"
	"\xd3\xdb\xbb\xcb\x3c\x84\x1e\x4f\xe7\xa1\x14\x31\x2d\xcf\x68\x57"
	"\x9a\x4c\x8b\x6b\x98\xe6\xd7\x30\x5d\xea\x44\x6f\x3d\x25\x74\x9e"
	"\x6d\xe8\xa6\x8e\x57\xc2\xa2\xed\xf3\x44\x50\x86\x36\x3e\x07\x31"
	"\xa4\xfe\x54\x64\xf0\xdb\x0f\x0b\x71\x5d\xb1\x9b\xfb\xdb\x29\xa5"
	"\x02\x19\x30\x17\x6b\xea\x21\xbd\x63\x8d\x58\x99\x1e\xbc\x32\x6c"
	"\x96\xac\xcb\x37\x32\xf2\xfb\x5e\xca\x03\xc3\xac\xa7\x73\x8a\x44"
	"\x33\x4e\xcb\x9a\x4a\x7b\x02\xac\xf3\xbc\x20\x04\x6f\x81\x66\xa4"
	"\x84\x21\x56\xbb\x2b\x0c\x23\x4c\x5a\xbb\xac\xb2\x06\x1d\x6e\xa7"
	"\x0d\x35\x8d\xdd\x95\xdb\x7c\x81\xcb\x35\x54\xd9\x93\xc9\x1d\xb6"
	"\xde\x9c\xd0\x86\x4b\xc3\x74\x80\x5e\xf4\x85\x73\x07\x0c\xb5\x5d"
	"\x6d\x6c\x80\x65\xef\x56\x65\x29\xcd\x41\xcb\x5c\xd6\x21\x42\xa7"
	"\xd9\x71\x57\x1c\xe3\x86\xc1\x6c\x37\x96\x5e\x25\x62\x47\x3e\x7b"
	"\xa7\x58\x6a\xbe\x16\x16\x0d\xb6\x38\xcd\x44\xd8\x58\x1a\x4b\x8a"
	"\xa2\xf2\xb8\x17\x14\xd0\x64\xd8\x9c\x84\xa5\x14\x0e\x77\xcb\xe6"
	"\xc7\x21\x1e\xaa\x33\x9e\xef\x4b\xd7\x38\x74\x73\x1a\x04\x85\xc5"
	"\x72\xe5\xec\x80\x2c\xaf\xe3\xfd\x75\x4b\x83\xcf\x52\x76\x20\x24"
	"\xda\x01\x73\x0a\x83\xa4\x32\x2c\xae\xce\x70\xe5\x2e\x81\x21\xf2"
	"\x2e\x31\x33\x85\x69\x4e\x18\x15\x36\x86\xb8\xf1\xbe\xf6\x45\x99"
	"\x8c\x97\x24\x8e\xf4\x32\xbd\x8f\x6b\x2f\xd9\xe6\x25\x13\x71\x4a"
	"\xaf\x03\xd8\xb3\x52\xaf\x9b\xf1\xf5\x26\x44\xc1\x41\xc3\xd6\xaf"
	"\xca\xd0\x98\x9c\x52\x4c\x39\x14\x12\x5d\xa5\x20\x63\x85\xc1\xbd"
	"\x43\xfa\x1d\x37\xe5\xc0\x86\xb1\x0f\x4b\x32\x9e\x27\x9a\x31\x8b"
	"\x76\xc1\x24\x44\x91\x91\x23\xd4\x38\x46\x77\xe2\xef\xbf\xbf\x4a"
	"\xf7\x8a\xde\x8c\xaf\x09\x92\x8a\xc1\x9f\x0c\xb1\x35\x3e\x29\x2f"
	"\x35\xf7\xe6\xe1\xa7\xf5\x2e\xcf\x3c\x19\x08\x8b\x8c\x1b\x85\x65"
	"\x14\x47\xaf\x9e\xad\xb2\x54\x06\xbb\xba\xcc\x85\xe5\x91\x5c\x3e"
	"\x4c\xff\x82\x04\x2b\x41\x8e\xd6\xe6\xb0\xa8\xf7\x2c\x08\xf3\x4b"
	"\x7c\x29\x2b\xd8\x75\x9c\x85\xcf\x5c\x9b\x74\xcf\x71\x8b\xed\x0a"
	"\x74\xb7\x71\x2d\xb7\x8b\xd4\xee\xbb\x72\xd4\x0d\x6f\x07\x8b\x08"
	"\x83\x30\x73\x96\x8a\xad\xb7\x87\xac\xed\x00\x05\x87\x43\x06\x9f"
	"\x94\x93\xd1\xf7\x08\x18\x78\x7f\xf8\xe8\x5c\x9c\x5f\x10\xae\x4d"
	"\xde\x3a\xbf\xab\x67\x17\x0d\x9c\x46\xbb\x48\x18\x3e\x19\xa5\xd7"
	"\x99\x91\x0e\x61\x0a\xec\x90\x55\xad\x3f\xfd\x86\x21\xdc\x3e\xdc"
	"\x33\x7c\x8a\xa6\x3b\x23\x58\xb9\x5a\x68\xab\x0f\xbf\x3f\x21\x68"
	"\xef\xbf\xfe\xfc\x4f\xf3\xc7\xbf\x9f\xbf\xa8\xbf\x3e\x0c\x71\x11"
	"\xfa\x1a\xe5\xc5\x81\x94\xc1\x13\xb6\xc9\xf6\x01\x4b\x5d\x3b\x44"
	"\xe0\x1d\xfb\x46\xb5\xf8\xaf\xda\x49\x9f\x8e\x80\x57\x09\xb7\x9f"
	"\x30\xfa\xf3\x0f\x06\x22\xe2\xcc\x85\x0a\x14\x11\x11\x37\x84\xc3"
	"\x1f\x1e\x63\x73\x6b\xb1\xad\xf5\xe0\x1b\x45\x30\x08\xaa\xde\x99"
	"\x47\x68\x01\xbd\x8d\x3d\x0e\x09\x70\x3e\xa4\x13\xe2\x40\xd1\x18"
	"\x6e\xa9\x82\x9d\x67\xa9\x4e\x18\x0b\x32\xd1\xb2\x44\x87\xba\x60"
	"\xc1\x64\xde\x9e\x0a\xae\x80\x0d\x16\xef\x9d\x0b\x9c\x58\x56\x2c"
	"\x41\xcb\x32\xbc\xc7\x91\x67\x86\xea\xaf\x2b\x18\x65\x81\x28\x25"
	"\x0e\xcd\xf3\xdb\xf5\x18\xe0\x0e\x1c\xcc\x27\x43\x67\x2d\x31\xf0"
	"\xbc\x59\xaf\x66\x13\x33\x7d\xcf\xb8\xc4\xd1\xb0\x1d\x92\x9a\xf4"
	"\xc6\x45\x5f\x43\xa2\x92\xc9\x55\xc6\x04\x81\xca\xd1\x54\x9e\x15"
	"\x43\x07\x2b\x48\xc3\x88\x76\x29\x76\x21\x7a\xe6\x6c\xaa\xc8\xc9"
	"\x53\x54\x9b\x84\xf1\x58\xfe\xbd\xa9\x58\x12\xa0\x93\xb9\xbb\x34"
	"\xe5\xc8\x83\x65\x36\x7e\x6c\xbd\x42\x06\xc8\x0f\x40\xee\xdd\x23"
	"\x5c\x11\x1a\x80\x09\x1d\xee\x43\xb4\xa8\x56\x50\x1c\x76\x76\x7e"
	"\xe2\x86\xbb\x64\x27\xf8\x77\xb5\xaa\x56\xe8\x3b\x0b\x66\xee\x02"
	"\xdd\xdb\x8d\x4a\x40\xa8\xdf\x78\xee\x80\x11\x40\x06\x09\x21\x38"
	"\x18\x0e\xfa\x9d\xdb\x5c\x4e\xa5\xd6\xfb\xf9\xd0\x43\x47\x77\x0f"
	"\x85\x1f\xb2\x0f\xe7\x13\x1d\xe8\x20\x3c\x0a\xdd\x49\xc3\xef\xbd"
	"\xee\x0c\xc8\x03\x38\xf6\xff\x78\xbd\x89\xce\x52\x59\xa7\x21\xf8"
	"\x21\x28\xa1\xad\xad\xc1\x52\xa4\xcc\xa5\x7b\xd0\xd5\x79\x14\x81"
	"\xe4\xf1\xf1\x6e\xbe\x98\xdc\xae\x97\x2d\xe1\xe0\xb7\x84\xae\x55"
	"\x51\x9a\xd6\x32\x04\x4e\x47\x30\x10\x14\x76\x61\x7f\xa9\x21\xe1"
	"\x1e\x44\x76\xb3\x79\x7f\xfa\xf6\x85\x82\x61\x80\x31\x11\x96\xd9"
	"\xfa\x20\x3f\x2f\x1c\xd0\x10\xcd\xc1\x5a\x94\x79\x50\xc1\xed\x85"
	"\x2b\x3d\x9a\x9d\x57\x61\xda\xc9\xe8\x00\x7b\xc1\x6f\xde\xce\xaf"
	"\x6f\x76\x0b\x20\x9d\xc2\xb4\x41\xb2\x9c\x53\x9c\x65\x3b\xb3\x5b"
	"\x2d\x47\xac\x2e\xa9\x11\xeb\xca\xd0\xe3\xba\x4b\x56\x4f\x87\x61"
	"\x96\xfe\x04\xba\xd3\x55\x4f\x8d\x0f\xf6\x80\xf5\x34\x74\xf3\x94"
	"\x8e\xf6\x96\x13\x42\xcf\xa1\xda\x5a\xa5\xa9\xe7\x74\x04\xe8\x19"
	"\x13\x8f\x8b\x7a\x97\xf2\xad\xbb\x1c\xe9\xc2\x36\x5a\x00\x46\x24"
	"\x32\x3d\x06\xb5\x6f\x60\x9c\xa4\xc9\x2b\x94\x0c\x16\xd0\x82\xff"
	"\x0d\x3f\x73\x8f\x47\x79\x95\x65\x21\x7a\xce\xc1\x97\xa0\x0b\x58"
	"\xe1\xe2\x84\xc5\xdf\x7f\xc6\xb0\x33\x84\xc7\x5d\x83\x86\x7b\x48"
	"\x79\xdf\x66\x33\x26\x0c\x08\xd5\x8f\xcf\x37\x5f\xce\xbf\xbf\x7f"
	"\xbd\xf9\xa3\x5b\x61\x8e\x0e\xaa\x36\xdc\xcb\xc8\x39\xfb\xd7\xe3"
	"\x95\xc5\xec\x3c\xee\x0c\x17\x8e\x1c\xb8\xf6\xb9\xf0\x88\x91\xe6"
	"\x79\x24\x82\x1c\xd5\xca\x01\x35\x71\x1b\x8f\x39\xa3\x65\xe9\x8f"
	"\xdf\x9f\xbe\x9d\x1b\x10\x9d\xf4\xf1\xf9\xf1\xab\xb2\x0a\x71\x22"
	"\xaf\x14\xd6\x2c\x94\xce\x3b\x83\x59\x0f\xa9\x1b\xb6\x45\xdd\xa8"
	"\x63\xf9\x25\x3f\xbe\x4a\xcc\xbe\xbe\x7c\x9b\x23\xf3\x02\x77\xed"
	"\x40\x30\x2b\x82\x04\xf4\x8b\xc5\xd8\xb3\x72\x89\x48\x87\x4c\x54"
	"\x1d\x7f\x9c\x1a\xfb\x68\xe7\xd3\x19\x22\x0e\x8d\xbb\x9c\x8d\x97"
	"\xa0\xe3\x56\x69\x77\x2e\xd2\x62\x02\x2d\xa8\xa5\x7b\xce\x78\xb4"
	"\x7a\xcd\x7b\x2e\x86\x55\x0e\x16\x04\x26\x1e\x87\x49\xbe\xab\x4d"
	"\x9b\xa2\x09\x49\x34\xd8\x6c\x0d\xd6\xf8\x3e\x75\xb8\xc9\x74\x42"
	"\xfd\x56\x0f\x42\x25\x1b\x7c\xe2\x55\xb7\x6b\xb6\x63\x15\x9f\x1f"
	"\xff\xfd\xcf\x8d\x78\x7c\xfd\xeb\xc6\xff\xf9\x4e\xed\xdb\x70\xad"
	"\xdd\xc3\xca\x84\x25\x66\xc7\xf3\x50\x18\x78\xed\xb9\xd0\x8b\xa7"
	"\xad\xcc\x82\x3e\x62\x9a\xfc\xf9\xff\x9f\x9f\x6d\xac\x6a\xf3\x9b"
	"\x20\xd5\xa1\x6a\x0b\xdc\xec\xea\x1d\xdc\x72\x8b\xee\x92\x79\xe1"
	"\x4c\xac\x37\x9b\xc0\x1c\xa4\x9e\x84\x16\x49\xe4\xd3\x9b\xc6\xc7"
	"\xfc\x74\x36\x59\x4e\x2f\x33\x6e\x52\x36\xb9\x5d\x5d\x64\xdb\x2d"
	"\x03\x3e\x17\xa5\x73\x62\xf6\x5c\xca\x10\x2a\xa1\x1a\xaf\xc8\xf9"
	"\xc5\xca\x1c\xa6\x12\x24\xd7\x8a\xaa\xec\xe4\x71\x2a\xee\xd4\x80"
	"\xed\xee\x3a\xb6\xf5\x85\x16\xa1\xf9\x44\x28\x98\x06\xaf\xe5\x2c"
	"\x4b\x1a\x47\x5d\x1e\x19\xb8\x82\xac\x56\xeb\xeb\x19\xa7\x17\x19"
	"\x93\x82\xcf\x6e\xe3\x4b\x63\x08\x4c\xb3\x98\x6a\x3b\x8f\x85\x7f"
	"\xb9\x22\xb8\xc5\xce\x67\xd1\x62\x72\x69\x08\x3b\xdb\x75\xf7\x3a"
	"\x48\xf3\x8d\x82\xcd\x71\x4f\xf1\x32\x09\x83\x91\xa6\x48\x26\x10"
	"\xdf\x8e\x2c\x15\x27\x7c\xb9\xab\x0f\x70\x7d\xcf\x0f\x12\xb5\xed"
	"\xe2\x27\x88\x34\x58\xac\x9d\xf7\xd0\x21\xd7\x92\x6a\xa2\x24\x5f"
	"\xb1\x08\x55\x31\x77\x57\xf2\x2d\xae\xe4\x9b\x5f\xea\x7d\x34\x02"
	"\x5b\x4f\xef\xe8\xd6\x6f\xe7\xeb\xf5\xdf\x17\x6b\x1b\x31\xf6\xd3"
	"\xd9\x70\x28\x20\x41\x08\x0a\xdf\x60\xc0\x8c\x4e\xb7\xbe\x33\x5a"
	"\xf0\x90\x15\x64\x57\x44\xdd\x00\xa9\x9d\xfa\x1c\xc9\xd7\x5c\x07"
	"\x2e\x97\x2a\x63\x4d\x81\x08\x20\x0f\xdc\xa4\x3a\xba\x67\xa8\xe2"
	"\xf2\x82\x00\xb5\xbc\x49\x95\xb2\x0c\x8f\xfd\x31\x5e\x7c\x68\xf7"
	"\xe4\x83\xf4\x6c\x73\x12\x17\x59\xb7\x88\x80\x70\x91\xd3\xcf\x93"
	"\xbc\x64\x81\x9b\x05\x31\x9d\x85\x27\x17\x80\x0a\x1c\x35\x64\x53"
	"\x51\x6f\x93\xb0\xde\xca\xb0\x84\xb8\x40\xc8\x0d\xe0\xb8\x9e\x13"
	"\x66\x16\x1d\x1b\xb0\x5c\x9a\xf4\x92\x05\xbd\xd1\xeb\x19\xc8\x50"
	"\x7e\x7c\x91\x7b\x76\xb9\xc0\xf9\x65\x16\xe2\x35\xb5\x8b\x43\xef"
	"\xfb\x3d\x80\x48\x13\x70\xf1\xc2\x3c\xe9\xcd\xca\xa4\xf1\xba\x22"
	"\xb9\x07\x22\x06\x99\x01\x9f\xa7\xfc\xd8\x7a\x05\xd3\x99\xf6\x89"
	"\xb8\xbc\x39\x65\xf9\x26\x09\xaf\x61\x7c\x08\xb3\x6b\xd8\x92\xca"
	"\xdf\x9d\x2e\x72\x6d\x4b\x0a\x37\x40\xe7\x0a\x10\xea\xec\x8a\xb2"
	"\xa8\x67\x0b\x73\x87\xf2\xca\xcb\xdb\x4f\x99\x1f\xb2\xcb\x72\x4e"
	"\x78\xca\xb3\xe0\x72\xeb\xbd\x3d\xcb\x7c\x76\x61\xd0\xa3\xe5\xcc"
	"\x31\xc4\x0a\x8b\xb3\x4d\x95\xe7\x97\x90\x8b\x2e\x49\xf0\x42\xea"
	"\x9e\x14\xd2\xe8\x89\x71\x25\x37\xf6\x4d\xe2\x08\x43\xb3\x85\xf4"
	"\x10\x23\xb4\xba\x9a\x83\xdd\xd3\x4e\xdb\x56\xee\xc0\xf7\xa0\x28"
	"\xc9\x0f\xa4\x00\x26\x77\x0b\xd8\xcd\xea\xd2\x3b\x5c\xb3\xad\xaa"
	"\x0c\x01\x8b\x8c\x38\x0d\xf8\xa8\xb3\x85\x1b\x83\x80\x73\x55\xa1"
	"\xdf\x93\x6f\x3f\xc8\x86\x01\x66\x86\x6c\x16\x13\x2f\x58\xc3\xe4"
	"\x40\x12\x81\xf5\x12\x96\x32\x14\xb5\xeb\xcb\x22\x49\x69\x60\x86"
	"\x46\x47\xf8\x7e\x23\x66\x96\x51\xa3\xc5\x11\x8a\xdb\xa3\x63\xaf"
	"\xf7\xd6\x4b\x31\x3f\x2e\x49\x02\x06\x8b\xb7\x89\x1d\x2d\x09\x60"
	"\x5f\x88\x0d\x25\x9f\x9d\xdd\x2f\x7d\xf5\xb4\x4b\xb3\xc0\x9c\xeb"
	"\xb4\x91\xae\x5e\x68\xf9\x52\x8d\xef\x82\x0d\xfc\xf6\xd6\xf6\x33"
	"\x68\x59\x8a\x0a\x15\x88\x2c\x3a\x69\x10\x88\x0f\xba\xdd\x18\xfe"
	"\x92\xdb\xb7\x78\xb0\xc2\xcc\x49\x4a\x13\x37\x71\x70\x6d\x7b\x6d"
	"\xee\x61\xed\x2b\x11\x3e\x12\xc9\x5b\xd8\x4b\x7f\xf5\xda\x21\xf2"
	"\x89\x86\x4e\xbb\x3b\xbf\x3c\x9f\xbf\xf1\xaa\xf3\xeb\x7a\x7a\xf9"
	"\xfe\x9f\xc7\x97\xb3\x1b\x68\xa4\xe0\x3e\xab\xa3\x83\x8d\x1f\x22"
	"\x93\x65\x0f\x53\x0f\xa1\xad\xa2\x37\x0d\xd3\x94\x78\xef\x8a\x0e"
	"\xb5\x1f\x6d\xd5\x75\xce\x05\xbc\x83\xa0\xab\x0a\x03\xcf\xf7\x8d"
	"\x6b\xf6\x36\xcf\xb7\x68\x1d\x31\x36\x2c\x69\xc8\x25\x46\x87\xc3"
	"\x76\xf2\xeb\xcb\xe3\xcd\x1f\xed\x57\x77\x4e\x6e\x5a\xe8\x45\x87"
	"\x7d\x75\x84\xf7\x5c\xf5\x84\xab\xc7\x61\xf1\x3d\xe8\x04\x04\x9b"
	"\x0c\x1a\xe4\x28\x4d\x6b\xdc\x9e\x64\x0c\x5f\xb0\x31\x36\x87\x01"
	"\x56\x02\xb3\x8a\x0f\x12\xea\xa3\x27\x44\x69\x21\x96\x48\x02\x22"
	"\x7b\x82\xa4\xe3\x27\x6e\x44\x14\xc9\x23\x57\x2c\x13\x27\xa3\xd8"
	"\x79\x6d\x9a\x45\x36\x49\x97\x0a\x9c\x93\x05\x2e\xec\x86\x2f\x8c"
	"\xe2\x86\x24\xa2\x94\x30\x93\x00\xd2\x16\xf8\x98\xca\x62\xd0\xf4"
	"\xa6\x2f\x48\x98\xb8\x4f\x9b\xc0\x30\xc7\xc1\xdf\x24\x33\x42\xb6"
	"\x6d\xe4\xd8\x19\x51\x8b\x42\xc6\xf1\x91\xb3\x8e\xdc\x96\x3b\x9f"
	"\x68\xd2\x91\x26\x6d\x23\x3e\xa3\x68\xb9\x3f\x42\xdc\x88\x91\xb6"
	"\x64\x2c\x19\x66\x6d\xbf\x6e\x26\xf3\x69\xaf\x2e\x98\x80\xca\xc9"
	"\x61\xaa\x36\xe7\xac\x64\xc7\x88\xb6\xa4\xe1\x88\x36\x35\x94\xcc"
	"\x17\x35\xea\x3b\xf5\x41\x6d\x73\xb9\x07\x55\x51\x65\x54\x58\x96"
	"\x7d\x52\x68\x74\xd4\x37\x49\x3d\xab\x7a\xe1\x28\x1a\xcc\xb3\x01"
	"\xc4\x5a\x5b\x1b\xa2\xe1\xa2\x5d\x39\x73\x35\x25\x79\xc8\x5d\x89"
	"\x8b\x61\xe2\x03\x17\x86\xf2\x28\xc2\x08\xd1\x47\xf7\x94\x72\xae"
	"\x01\x94\x28\xec\x15\xa8\xd2\xba\x4f\x71\x8e\x21\x43\xb8\x53\xa0"
	"\x33\xfd\x81\x08\xc1\xb6\x50\x27\x76\x22\xe8\x76\x2f\xbb\x92\xd1"
	"\xde\x86\x53\x34\x96\x25\x2c\x0b\x15\xb4\xbb\xce\x23\x13\x6a\x1e"
	"\x14\x46\x46\x3c\xd3\xc4\xc9\xea\x1e\x95\x38\xb6\xf4\x1a\x0e\x7c"
	"\x9c\x84\xcb\x6b\x0f\xa5\x67\xb4\x4a\xea\x04\xb5\x19\x16\xd8\x09"
	"\x4c\x25\x48\x08\x2e\xa3\x09\x9e\x22\x38\xea\xbe\xaf\x72\xa1\x5d"
	"\xd7\xe4\xcf\x1a\x44\x3d\x0c\x1c\x6d\x3c\x39\xf6\x51\x7a\x40\x10"
	"\x52\x6c\x70\xd0\x64\xd6\x3d\x43\x11\xa8\x0f\x55\x54\x51\x86\xc6"
	"\x1e\x73\x1f\xa5\xa2\xde\xbb\x14\x39\x8a\x32\xb3\x9a\xe7\x8b\xc4"
	"\x8c\xb8\x24\xf2\x88\x2f\x88\x75\x8f\x02\x84\x39\xd7\x7c\x48\xa2"
	"\x38\x3b\xc5\xbb\x30\x74\xdd\x28\xf4\x26\xde\xc9\x2a\xa8\x4f\x85"
	"\x6d\xb2\xb1\x40\x84\xff\xdc\xbb\x5a\xcf\x8b\x06\x1e\x4e\xb0\x60"
	"\x98\x72\x21\x3e\x8c\x79\x49\xdd\x43\x9e\xf9\x8f\x9f\xff\x3c\xbf"
	"\x9a\xe6\x15\x72\x97\x1e\x9a\x52\x04\xbf\x94\x79\xfa\x5b\xb0\x0f"
	"\xe4\xc9\xdc\x1f\xcc\x9a\xd7\x61\xbe\x5e\x2e\x27\xd4\xfe\x59\x05"
	"\x91\x45\x52\x8e\x3c\x39\xff\x2d\xf2\xc4\x6f\x99\xb0\xca\xed\x26"
	"\x97\xb9\x87\xa6\x3c\xc8\xcd\xbd\x76\x6f\xb3\xe0\xef\x36\xee\xb5"
	"\x9f\x07\x21\x46\x8f\xfa\xb8\x98\xdf\xb9\xe8\x2c\x47\x1b\x37\x7c"
	"\xbb\xfd\xf0\xf4\xfa\x63\xb5\xba\x5d\xff\x32\xfd\xa0\x4f\xed\x9e"
	"\xb5\x12\xd1\xca\x35\xb2\xc0\x42\x0c\x2c\x92\xaa\x16\x12\xad\x95"
	"\x4c\x03\xbb\xb9\x2a\x25\x08\x61\x00\xc3\x00\xa4\x28\x9c\xe1\xac"
	"\x34\x57\xb9\xe2\x69\xab\x01\xb2\x14\x6f\x5c\x82\x6f\x70\xe9\xeb"
	"\x4d\x0e\xed\xfb\xdf\xdf\xfe\x58\x7d\xb0\xab\x54\xe6\x9a\x65\x5e"
	"\xe3\x91\x45\xd6\xe7\xc1\x35\x2b\xc3\xc6\x63\x65\xf5\x01\x36\x9b"
	"\x70\xd8\x7a\x8c\x0a\x86\x6f\x53\xc7\xd1\xa2\x88\xae\x6c\x5b\x6d"
	"\x21\xeb\x35\xc9\x1b\xc4\x8f\x86\x85\x4b\x77\xc8\x06\x67\x0e\x91"
	"\x15\xca\x74\x9e\x80\x4d\x83\xe0\x14\x87\x6b\x2c\xf3\x07\x43\x66"
	"\x0f\x6d\x26\x2c\x29\x40\x26\x0c\xda\x2c\x53\xcd\x2b\xb1\x32\x3c"
	"\x7b\x3d\xbf\x7f\xf9\x01\x72\xb2\x63\x15\x20\xb0\xb4\xb5\x3f\xc8"
	"\xa4\x1d\x61\xc3\x24\x89\x20\xe6\xab\xcd\x4c\x4f\x94\x23\x04\x97"
	"\x13\x66\x3c\xf4\x48\x92\xb7\xf7\x07\x15\xf8\x31\x4b\x82\x32\xcc"
	"\xa8\x3a\x22\x6e\x0c\x93\xaa\x57\x0c\xd3\x82\x61\x52\xa5\xeb\xfb"
	"\x10\x47\xd7\x58\x14\xe6\x8b\x93\x48\x8b\xc1\x4f\xd7\xe9\xaf\x08"
	"\x03\x99\x3e\xae\xb6\x70\xe6\x6c\x88\x9d\xa9\xa1\xd6\x44\x94\x39"
	"\x89\x73\x1f\x7b\xbc\xde\xb2\xad\x97\x09\xa6\xfa\x50\x8f\x02\xa0"
	"\x20\xfd\xcc\x6d\x8a\x71\x15\x19\x50\x45\xfc\x31\x77\xf6\x12\xd5"
	"\x72\xb4\xa4\xe9\x05\x23\xb4\x88\xa6\x85\x4a\x66\x70\x9e\x54\x1c"
	"\x2e\x4e\x70\x65\x32\xa7\x50\x4c\x97\x05\xa4\x22\xa9\x48\xf2\x66"
	"\xa4\xf9\x9b\x91\x16\x0e\x48\x5d\x64\x1b\x2f\x35\xdb\xc6\xef\x2b"
	"\x8f\xc7\x44\x39\xfb\x11\xe9\x3f\x65\x19\xcc\x0a\x4a\xfc\x4f\x47"
	"\x3e\xb9\xa0\x69\xf7\xd9\x71\x31\x4a\x5d\xd2\xd4\xd2\x51\x69\xbb"
	"\x0e\xa4\x5f\x84\xb6\x2e\x94\x9f\xc4\x43\xc2\x36\x9d\x38\x6d\x2c"
	"\x49\x45\x07\x61\xba\x23\xbb\x8d\x5e\x5b\xbe\x85\x93\xcf\xe4\x42"
	"\x78\xc9\x3c\x19\xb6\xa2\x30\xcc\x46\x9a\xc4\xd2\x7a\xce\x3a\xf1"
	"\x3d\x79\xe0\x53\x5f\x1d\x96\x79\xbb\x5a\xfa\x99\xd1\xa4\x91\xc2"
	"\x5d\xc7\x60\x5d\x9e\xba\x74\xd7\x5d\xa0\xa5\x39\x2e\xc4\x2d\xe9"
	"\x41\xf7\x2e\x04\xc9\x14\xc3\x58\x50\x0b\x37\x1b\xb9\x1d\x46\xdc"
	"\xad\x9b\xf5\xc3\x22\xa6\x32\xf9\x8c\x2a\xcd\x2f\xc8\x3c\x79\xe0"
	"\xd1\x9b\x03\xd1\xe3\x59\xa2\x9f\x4a\x09\x6f\x8f\x7f\x43\xe8\xd1"
	"\xc8\xad\xdc\x50\x83\xdc\x60\x66\xec\x28\x77\x34\xe5\xee\x96\xa0"
	"\xac\x6e\x27\x24\x65\x46\x52\xe8\xd2\xa8\x16\xac\x96\x64\x3d\xcb"
	"\x29\x49\x21\x5b\xb0\x9c\x93\x94\x05\x49\x21\x5b\xbd\x5c\x92\x94"
	"\x35\x41\x59\xcf\xa9\x3c\x6b\xb2\x47\xd7\x73\xea\x7b\xd6\x0b\xaa"
	"\x9e\xd5\x9d\xf5\x3d\x20\xd2\xe3\xec\xa8\x57\x44\x86\xe9\x8c\xac"
	"\x1f\x48\x56\x57\x7b\xdc\x67\xcc\x5d\xfe\xd4\x9d\x3c\x73\x27\xcf"
	"\xdd\xc9\x44\xdb\x6f\xdd\xc9\x4b\x77\xf2\x9d\x3b\x79\x4d\xb4\x9b"
	"\x68\xca\x94\x68\xcb\xd4\x6a\xcc\x2e\x67\xab\xba\x74\xa4\x55\x66"
	"\x1a\xc6\x39\x86\x63\xc4\xcb\x86\xc9\x7e\x08\x57\x7a\xdf\x95\x0e"
	"\xb7\xeb\xaa\xcc\x1d\x94\x32\x07\x89\xd6\x59\xd6\xa9\x64\x49\xe2"
	"\x2a\x6d\xeb\x85\xee\x74\xb8\x6c\xef\x86\xc9\x0c\x5a\xe5\xe9\x81"
	"\x80\x3a\x42\x56\x31\x41\x7c\x9b\xb3\x49\xa2\x2a\x77\x8c\xc7\x26"
	"\x01\x6f\x62\x06\xea\x78\xe2\x7e\xaf\xab\x32\xe6\x53\x96\xea\xcd"
	"\x6d\x84\x3d\x0c\x6c\xad\x35\x9d\xfd\xcd\x9f\x8f\x9f\xff\x7a\x7a"
	"\xfe\xda\x6a\xee\x7f\xbe\x3c\x3d\xbf\xfd\xa5\x90\x09\xbe\x9f\x5f"
	"\xbf\x0e\x23\x42\x4b\x05\xc6\x4e\x3a\x6c\x1b\x12\x22\x9e\xb0\x68"
	"\xe1\x96\xc0\x9d\x21\xe9\xb6\xdf\x3b\x2b\x1b\xca\xc5\x86\x4a\x3b"
	"\x45\x03\xcf\xad\x23\xe7\x42\x93\xb7\xf2\x5c\xb4\x05\xc8\x5b\xa4"
	"\x1b\x88\xeb\x94\x79\x29\xf3\x89\x98\xe7\xfe\x8f\xef\x3f\xe1\xde"
	"\xf1\xcb\x1b\x86\x87\xfb\x8c\xe1\xe1\x5e\xe5\x57\x7e\x56\xe9\x2f"
	"\xc3\x0f\x6d\xad\x5c\xa3\xdc\xc4\x7f\x6f\x53\x51\x69\x51\xf9\x21"
	"\x85\x54\xdf\xb1\x81\x98\x49\xb8\x0c\x6a\x4c\x68\x61\x1e\x2d\x2e"
	"\x71\x6d\x84\x1b\x58\x69\x1b\x6c\x6a\xee\x97\xac\x10\x9c\x76\x78"
	"\x43\x6d\x13\x14\x56\xa0\x7b\xbc\x08\xf5\x60\x06\x8a\x9e\x56\x5c"
	"\xd8\x2f\x5c\x11\x48\x43\x2a\xe7\xc7\xc5\x64\xbd\xd4\x9d\x60\xa0"
	"\x36\xd8\xf0\x10\x24\x21\x25\xa4\xc2\xd0\x0b\x54\xdc\x24\x4e\x4d"
	"\xde\x8a\xc3\x95\x1a\x0a\xd8\xe4\x09\x21\xe6\xe1\xd4\xc8\x0f\x19"
	"\xf1\x22\xd4\xd8\x00\x13\xd2\x6e\x88\x98\x07\x5c\x7d\xd2\x48\x76"
	"\xae\x14\xc4\x78\xa1\x91\x2e\x07\x6e\xcb\x4e\x83\x45\xf5\x65\x9e"
	"\x25\x27\x1d\x79\x41\xa6\x67\xa2\xe9\xb4\x22\x97\xda\x3f\x6e\x77"
	"\x66\x93\x3e\x9c\x53\x51\x5e\xfa\xd0\xd7\xa1\xb7\x93\x28\xe8\xbe"
	"\xd3\xfc\x3a\xf5\x10\xdd\x41\x9a\x2f\xeb\x2a\xdc\x2e\xb1\x53\x7b"
	"\x34\x91\x25\x26\x7f\x4f\x5d\x5c\x3c\x2c\x99\xee\xa7\xd6\xd8\x22"
	"\xcb\x50\x2f\xad\xe6\x2c\x3d\x7f\xff\xf1\xf2\xcf\x4d\x80\x36\xcc"
	"\x5f\xd5\x16\x61\x8e\x4b\x78\x14\x61\xc6\xad\xbd\xc5\xfa\x28\x64"
	"\xf4\x92\x24\xf7\xe9\xe1\x85\x0e\xe1\x79\x46\x59\x1c\xf5\xc5\xc0"
	"\x84\x8a\x46\x58\xca\x5c\xda\xd0\x90\x0e\x5f\x8a\x2b\xdf\xe0\x7b"
	"\x00\xe1\xc2\x9d\x54\x9b\x96\x2d\xa3\x39\x50\x5d\x42\xbe\x2d\x36"
	"\x1d\x99\x86\x69\x02\x03\x39\x1c\xe4\x96\x32\x36\x1f\x05\x82\x72"
	"\x8c\xc5\xb5\x40\xae\x7d\x3a\x76\x91\x6f\x78\xd4\x09\x30\x6c\x45"
	"\x43\x18\x29\xbe\x89\x1d\x8c\x36\xfe\x63\xc3\xa2\xe6\x29\x4c\xad"
	"\x62\xe4\xb5\x15\xda\x24\xad\xdc\xad\xd8\x97\x3d\x41\x02\xf7\x7b"
	"\xfa\x0b\x82\xef\xcb\xcf\x50\xd4\xc6\xab\x95\xa0\xf6\x79\x7b\x54"
	"\x41\xc2\xa6\xbe\xc9\x80\xfd\xdb\x7b\xb8\x74\x7d\xb6\xf3\xf3\xfd"
	"\xa0\x0e\xc8\x00\xc9\x2a\x02\x4d\x5d\x18\xda\x23\xe4\x1f\x1b\xc6"
	"\x98\x95\xf7\x43\x65\xb0\xf4\x08\x40\x30\xd2\xf7\x9f\xea\x00\x8a"
	"\x1f\x9f\x75\xdb\x68\x7c\x7f\xa9\x0a\x47\xd0\x22\x34\xf7\x27\x89"
	"\xe8\xa3\x64\x11\xeb\x1c\xed\x56\x70\x78\x34\xb4\x01\x38\x48\x95"
	"\xe1\xbc\x96\x41\xc6\x25\xba\x86\xa7\xde\x7b\x49\x15\xf6\x00\x34"
	"\x3d\xa7\xd6\x36\xb2\x34\x9b\xc7\x2e\x4d\xb5\xbb\x8e\xd1\xa3\xc7"
	"\x74\xdb\x68\xb7\xb4\x8e\x24\x85\x8f\xbc\x12\x1f\xa7\xb3\x89\xa3"
	"\xd9\x1d\x1b\xfd\x65\x26\x4b\xd7\x94\xde\xcf\xfc\x1e\xb6\x72\xd8"
	"\xe8\x83\x7c\x4b\x6c\x5c\x98\x2d\x1f\xe2\x41\xb8\xe8\x4d\xf1\x13"
	"\x93\xd8\x7e\xc3\x6d\x37\xc0\x70\x50\x0d\x02\x72\xab\x44\xcb\x55"
	"\x08\xd3\xe4\x2e\x64\x28\x2a\x24\xa7\xda\x3c\x42\x69\xb0\x37\x7e"
	"\xec\x61\xfd\xbb\x30\x2c\xdc\x80\x38\xcd\xfa\x06\xe1\x37\x2d\x44"
	"\xef\x1e\xf0\xf9\xaf\xfe\x3c\xb8\xf9\x9f\xd7\x9f\x4f\xcf\x88\xcd"
	"\xfb\xfa\xaf\x9b\xef\xef\x6f\xe7\xbf\xcf\xf0\xc7\xf9\xed\xf3\xaf"
	"\xbf\xfe\xfa\xbf\x66\x94\x1f\xb9\x3f\x0b\x90\x30\x44\x78\x0c\xf9"
	"\xd8\xa2\x71\x44\x03\xb5\x77\xa6\x8b\x85\x1c\x0e\x8a\x09\xb6\xeb"
	"\xfc\x80\x41\xc9\x46\x78\xe5\x73\xe9\xc8\x01\x55\xe6\xfb\xee\x4d"
	"\xd4\xed\x47\x8c\x05\xe0\x60\x8c\x54\xe2\x89\x1c\x05\x53\x9e\x40"
	"\x77\x5f\x68\x0b\x1a\xa9\x7a\x05\xeb\x7c\x97\x39\x5d\x29\xac\x71"
	"\x19\x2c\x8c\x3c\xf1\xfa\x7e\x70\x38\x42\xf7\xe1\xcd\x7b\x3f\xac"
	"\x3e\x27\x8a\x37\xd0\x2b\x20\xa2\xf1\x30\x0c\x60\x5e\x95\x70\xd9"
	"\xc9\xd3\x91\xc6\xef\xd4\xc9\x3a\x7e\x2e\xc2\xbf\x7d\x58\x6e\x72"
	"\x1e\xda\xa2\x07\x4d\x49\x98\x89\xe5\xd4\xcc\x4c\x26\x09\x63\x53"
	"\x69\x4c\x9e\x68\xbd\x43\xc6\xa6\x91\x0f\xf2\x3d\x5c\x31\x41\x4e"
	"\x1a\xbe\xe9\x95\x7e\x45\x08\x46\x72\xc2\x20\xd9\xe9\xc1\x7d\x69"
	"\xc8\x20\xa3\x8c\x2a\x35\xce\x41\x15\xa3\xb1\xe0\xa9\x0c\x63\x0b"
	"\x43\xd8\xee\x33\xb3\xa9\x55\x08\x69\x2a\x8a\xd4\xf0\x9e\x8f\xb8"
	"\x69\x37\xeb\xec\xbe\x91\x59\xcb\x81\xb4\x6a\x71\x2a\xab\x04\x90"
	"\x17\xd1\x35\x89\x88\x69\x8f\x9e\xb6\xb0\x3f\x27\x4a\x02\x12\x61"
	"\x0b\x8b\xe1\x56\x1f\x36\xe3\x87\x71\x73\xe1\xa8\x73\x5a\x79\x68"
	"\x4f\x9c\xa4\x25\x48\xbf\xa2\xa0\xc6\xcc\x3f\x89\xdc\x85\x57\x93"
	"\xe5\xc5\x20\x7a\x9d\x9c\xd5\x18\x81\x4d\x5e\x0c\xc6\xa9\xdb\xd2"
	"\x2b\x62\x37\x4f\x7b\x69\x8d\x2c\x5f\x48\x55\x80\x12\x3b\x52\x3f"
	"\xaf\x32\x34\x74\xf7\x73\x1d\x78\x42\xb2\xe0\x0b\x98\x1c\x65\xe4"
	"\x94\x57\x0b\x6e\x87\x18\x6f\x32\xaa\x52\xb4\x87\x24\x59\xb6\x8f"
	"\x23\xa3\x81\x3c\x48\x28\x94\x36\x36\x54\x7b\x3f\x94\x88\x26\xc8"
	"\x6f\x18\x86\x6c\x8b\xca\x5d\xad\x8c\x07\x09\x63\xcd\x0f\x0c\xef"
	"\x4a\xf6\x77\x0f\x0a\x6a\x12\x86\x2e\xef\xd1\x60\x63\xb2\x3a\x9c"
	"\x82\x60\xc1\x43\x0b\xa4\x2f\xd5\x72\x02\xa8\xbc\xbc\x07\x89\x24"
	"\xba\xa2\xa0\x31\x16\x75\xe8\x8e\x30\xc4\x07\x98\x59\x0e\x06\xf3"
	"\xea\xdd\x4a\x38\x8a\xcf\x38\xd6\x9b\x39\xd0\x8c\x33\x01\x69\xd9"
	"\x84\x4f\x6c\xc2\x67\xba\x4c\x78\x61\xff\xf6\x65\x70\x4e\x69\xe4"
	"\x93\xe5\x66\xc4\xf2\x36\xdd\xcb\x60\x61\xa1\x72\xa0\xc9\x40\x1c"
	"\xb3\x1d\x3b\x22\x49\x8d\x31\x2a\x69\x64\xa4\x7b\x36\x09\x6a\x74"
	"\xf6\xb5\x0c\x0c\xe6\x39\x7d\x16\x2b\x19\xd2\xbb\x19\x4a\x4d\x98"
	"\x2b\xa2\x41\x9a\xc5\x69\xf6\x8f\x9c\xa5\xf5\x06\x56\x79\x9c\x7a"
	"\xa5\x5b\xc2\xd0\xa6\xff\xff\x81\x13\x4d\xe0\x05\x88\xb5\xe4\x9e"
	"\xad\x86\x30\xdc\x23\x44\x92\x57\xc8\xb7\x17\xc7\x87\xb6\xcb\x40"
	"\xb5\x5f\x06\x79\x33\xce\xbd\xd4\x93\x92\x81\x5b\xbd\x55\xbe\x3f"
	"\x4b\xcd\x96\x38\xbf\xbe\x59\x47\x92\x8c\x10\x89\x87\x25\x88\xe0"
	"\x04\x84\x8c\x64\x21\xa9\x9d\xab\xb6\x82\x62\xa4\x8f\xa6\x0d\x5a"
	"\x26\xd1\x74\xa9\xf7\xc0\x4e\x18\x67\x83\xf3\x0f\x0f\x03\x92\xae"
	"\xa4\xa9\xe5\x62\x1c\xdf\x45\x7e\x52\x1c\x1e\xed\xc8\xc7\xd6\x37"
	"\x0b\x39\x90\x71\x98\x14\x94\x30\x20\xf9\x76\xc0\x28\xf2\x23\xcd"
	"\x20\xb5\x93\x11\x4d\xdf\x30\x41\x99\x2c\x4b\x7a\x55\xb1\x80\xa6"
	"\x96\x70\x15\x8d\x05\x19\x0e\x54\x7d\x2b\xb0\xd0\xd4\x64\x97\x8e"
	"\x54\xce\xf1\xa2\x98\x17\xa7\x91\xf6\x17\x23\x1f\x37\x6a\x34\xad"
	"\xfa\x59\x1a\x6a\x8c\xb4\x80\x56\xeb\x36\xe3\xe4\xa1\x59\xc2\x2e"
	"\x3c\x8d\x0d\x52\x9a\x8f\xf4\x61\x1a\xa6\xa4\x36\xa3\xad\x03\xe5"
	"\x6f\x0a\xde\x2d\x4c\xc9\xb9\xa6\x34\x46\x12\x1c\x14\xf1\x59\xa4"
	"\x81\x36\xa5\x41\xf2\x30\xb8\xe8\x05\x65\xc9\x36\xd8\x18\x8a\x06"
	"\xf8\x3d\xa6\xec\x91\x48\x04\xa8\xa9\x60\x82\x3d\xc8\x5d\xd9\x34"
	"\xad\x6f\xf4\x92\x2d\x63\x96\xd7\x59\x95\xb8\x07\x63\x00\x6a\x30"
	"\x54\x2c\x21\x1c\x52\xcd\xb8\xbc\x34\x1d\x74\x35\xb2\x19\xc3\x99"
	"\x4a\x87\x9d\x28\xab\x8e\x0a\x45\x66\x28\xd6\x77\x5c\x72\x4a\x12"
	"\x68\x8a\x16\xab\x3c\x17\xa5\x4e\x67\x41\x16\x87\xc2\x40\xc0\x38"
	"\xae\xa0\xe0\x8a\x12\x93\x1d\xd9\x7c\x03\x13\xcb\xa2\x99\x71\x53"
	"\x2d\xa2\x1e\xb6\xdb\x22\xc5\x25\x0a\xe9\xe5\x48\x77\xb8\x83\x2b"
	"\x0f\x99\x10\x58\x47\xd7\x0b\x59\x1c\x66\xe8\x72\x8b\x28\xdd\x9c"
	"\x86\x4a\xe1\xbe\x0f\x67\x3e\x49\xe3\x05\x23\x69\x0a\x91\x8b\xee"
	"\x50\xa9\x0d\xb1\xc3\xcb\x5b\x4c\xad\x32\x46\x41\xab\x90\x6c\x7e"
	"\x09\x9b\x20\xee\x12\x96\x6f\x09\x1c\x16\x85\x90\xc8\x28\x64\xec"
	"\x2f\x83\xab\xc1\x0f\x72\x1f\x4f\x0c\xf5\x31\xad\x90\xcb\x82\x72"
	"\xa4\x38\x75\x6b\xc6\x45\x29\x05\x62\x85\xa1\x33\x76\xa3\x3a\x8e"
	"\x69\x11\xd0\x04\xb1\x51\x73\x8f\xd5\x19\x26\xb9\x4f\x9f\x9e\x5d"
	"\xb4\xec\x21\x74\xc9\xf9\xf3\xfb\x0b\xc2\x92\x0f\x5e\xc2\x70\xdb"
	"\xd5\x0d\xd9\x4e\xca\x14\xde\x04\x26\xc1\x03\x14\x9d\xe1\x40\xc8"
	"\x02\x0e\x3c\x56\x09\xe3\xa9\xa6\x08\x02\x61\x55\x5a\x78\x81\x00"
	"\x4a\xb2\x20\xe4\x50\x10\x6b\xd6\xfa\x14\x14\x46\xa5\x6c\xc6\xd3"
	"\x90\xcb\x69\x23\x1d\x09\xdc\x6f\x3b\x95\x6d\x72\xde\xe5\x46\x43"
	"\x4f\x29\xa1\xc7\x79\xbe\x1b\xaf\xc9\x6d\x94\xd6\x16\xd4\xd8\xdd"
	"\x38\x2b\x69\x6d\x72\x8e\x51\x99\x8e\x7f\x8c\xad\xcc\x6a\x2f\xaf"
	"\x3c\xc5\xc8\xa4\x05\x5a\x86\xa1\xa7\x73\xa9\x1e\xeb\xf4\x83\x05"
	"\x75\xb9\x21\x1a\xb0\xe2\xc6\x8a\x47\xbd\x52\x7a\x79\x03\x2d\xb2"
	"\xc1\x64\x98\xd2\x0d\x4a\xc0\x47\x19\x5e\x78\xc4\xa5\x1b\xa4\x49"
	"\x34\xa5\xe7\x79\x55\x3a\xe5\xfa\xe6\x48\xc7\xd2\x70\x9f\x57\x22"
	"\x98\xa6\xe4\x74\x91\x65\x07\x7c\xfc\xf0\x61\xd0\xbd\x20\x0a\xe2"
	"\xb1\xe2\xec\xde\x86\xd6\xab\x7f\xc7\xfb\xb8\x65\x6f\x8e\x8b\xb1"
	"\x41\xed\x58\x43\x19\x1a\x74\xb4\x76\x2f\x39\x78\x27\xf4\x8b\x90"
	"\x2a\x93\xeb\x9a\xd0\xe4\x29\xa4\xfb\x29\x11\xe9\x7b\x98\x69\xef"
	"\xd7\xad\x72\x98\xe2\x91\xba\x61\x38\xac\xe0\xc2\x24\x6c\xed\xf4"
	"\x80\x99\xb3\x00\xd6\x80\x94\x2f\x51\x8c\xe5\x1f\xd7\xae\x26\xa7"
	"\x54\xe4\xed\x8e\x05\xc4\xf6\xfc\x94\x8f\xf3\x78\x05\x8c\x50\x9a"
	"\x97\xe3\x5c\x49\xee\x05\x05\xcb\xc6\x99\x4e\x5e\xea\x91\xd7\x90"
	"\x2d\xb2\x5c\xd8\x38\xf8\x7f\x1b\xbb\xba\xe5\xb6\x55\x20\xfc\x2a"
	"\x9e\xf3\x04\xb1\x1b\xa7\xe9\xc5\xb9\x40\x08\xd9\x34\xfa\x0b\xc8"
	"\x89\x93\x1b\x8d\x9b\xb8\x8d\x67\x9a\xb8\x63\x27\x73\x4e\xcf\xd3"
	"\x1f\x16\x24\x19\xc4\x82\x3b\x93\x19\x4f\x76\x3f\x01\x42\xb0\x2c"
	"\xb0\x3f\x81\x7b\xed\x05\xc9\xce\x3c\xc9\x32\xd4\x41\xa1\xdf\xe5"
	"\xc7\x46\xad\x87\x19\xa5\xd3\x0b\xc0\xfe\xfe\xeb\xb8\xfd\xb9\x7b"
	"\xfb\xf8\xf7\x34\x35\x52\x77\x3c\xa6\xb5\x91\x9c\xa3\xed\x90\x6b"
	"\x0a\x72\x78\xde\xea\x64\x16\x7b\x37\x56\x53\x77\x13\xbc\x7b\xdb"
	"\x41\x2e\xb1\xdd\x7f\x9b\x2e\xf3\xde\xd0\xa1\xbc\xd3\x9e\xbd\x83"
	"\x05\x8b\x45\x02\x2a\xa7\x86\x68\x17\x22\x58\xb7\xfa\x17\x0b\xa8"
	"\xcf\x3d\x38\x83\x1d\x24\x8e\x1d\xec\x6d\xd5\x3a\x52\x0d\x5e\x20"
	"\x87\xdf\xbf\xde\xf7\x93\xa7\xfd\x61\x3b\xd9\x1f\x26\x2f\xdb\x9f"
	"\xbf\x6c\x7f\x56\x03\x06\x2f\x26\x62\x2b\x32\x0e\x79\xe6\xd3\x99"
	"\x1d\x57\xca\x22\xfa\xd0\x24\xbf\xa1\xbc\x5e\xda\x02\x6e\xcc\xf1"
	"\x1f\x82\x19\x87\x12\x7d\xa8\xb0\xcf\xd3\x4e\x34\x14\x38\x58\xd8"
	"\x78\x4d\x0f\xb6\x84\x84\x5a\x7f\x53\xd7\x33\x8c\xe8\x97\x00\x0a"
	"\x03\xd2\x1c\x49\x1c\xd7\x22\x43\x4d\x97\xc1\x0f\xda\x32\x9a\xfa"
	"\x9d\x52\x90\x92\x2c\x90\xe6\x75\xf4\x19\x52\x07\x2c\x2c\xe1\x5a"
	"\xba\x07\xfb\x45\x40\xab\x53\xd2\x2b\x7e\x91\x4d\x67\xd7\xc5\x2a"
	"\xf7\x18\xa5\xc9\x62\xe1\x13\xb1\x96\xd4\xfa\x37\xdc\x16\xd0\x0d"
	"\x6e\x57\x6c\xc5\xbc\x12\xf5\x4f\x8a\x14\x59\x18\x4e\xb8\x4c\x08"
	"\xb0\xce\x4a\x8a\x3c\x1a\xb8\x53\xe8\xb8\x92\x17\xe9\x10\x05\xf8"
	"\xe3\xfd\x05\x32\x13\x3d\x6d\xde\xb7\xcf\x13\xf6\xf6\x04\x73\x0c"
	"\x22\x2d\xfe\xb3\x7b\x7f\x99\x90\xe3\x71\xff\xb4\xd3\xac\x74\xf3"
	"\xbe\xb1\x0f\xa4\xfa\xd6\xd3\x22\x5c\xd1\x82\x16\x48\xe3\xe8\x92"
	"\xa8\xbf\xd9\x45\x5d\xe5\x0f\xd3\x4f\x78\x08\xda\xae\xa1\xec\x96"
	"\xdf\x79\x1d\xc6\xd4\xd3\x4a\x84\xdc\xf5\xaf\x90\xe8\xcc\xa2\xaf"
	"\xfb\xe7\xed\xd1\x13\x06\xd4\x0e\x15\xd1\xd3\x1a\x81\xd0\x24\x52"
	"\x4f\x82\xb4\x3e\x77\x5d\x62\xfc\x71\x90\xd0\xf0\x0b\xad\xdd\x23"
	"\xcd\x7e\xaa\xb1\x87\x7b\x11\x38\x57\xea\x3f\x75\xca\xd5\xe6\x7f"
	"\xe5\x3b\xad\x2f\x37\xc7\x97\xd0\xbb\xab\xd5\xdc\x97\x3c\x86\x38"
	"\x2e\x7f\x3d\x6a\xf6\x98\x7f\x57\x20\x09\x61\xd3\xdd\x0f\x13\x86"
	"\x73\x3c\xa0\xe9\xa7\x19\xd2\xed\x40\xc6\x86\x83\xa0\xcd\xf4\x22"
	"\xe5\x59\x64\x1c\x75\x42\xd4\xeb\x6c\x64\x04\x79\xb3\x28\xbd\x8c"
	"\x48\x88\x74\x8e\x4d\x3c\xae\x46\x18\xcb\xe1\x37\x56\xb2\x28\xd2"
	"\x69\x28\x43\xc9\x09\x11\xca\x2b\x32\x20\x66\xf3\xab\x33\x88\x51"
	"\x4c\x9e\xd1\x1c\x59\x92\xa9\xd7\xd7\x8a\xa8\x8a\xc5\xc8\xf3\x29"
	"\xf6\x0d\x14\xe3\x53\xac\x11\xcd\x42\x4c\xbf\xcc\x62\x88\xfb\x7a"
	"\x3e\xf5\xd3\x9f\xd1\xdd\xaf\x17\x27\x72\xc4\xb0\xbe\x62\xf3\x40"
	"\x51\xdb\x86\x47\xa7\x41\xb9\x4a\xb8\x8c\x48\x44\x41\x2f\x91\x82"
	"\x93\xbc\xba\xcf\x78\xe0\x64\xb5\x1f\x86\xa4\x80\x6c\x47\x24\x8e"
	"\x91\xcd\xfc\x1c\xe0\x2a\xdc\xbc\x14\x7d\xed\xcc\x5b\x3a\x3c\x01"
	"\xb1\x24\x8f\x24\x8d\x21\x24\xc9\x25\x99\x45\x87\x5a\x2f\x76\xa3"
	"\xc5\x30\x16\xaf\x86\x89\x9a\x95\xd1\xb6\x36\x8c\x84\x3b\x40\x6d"
	"\x91\x33\x8e\xe8\x43\x1d\xfd\x14\xcf\x6f\xb0\xf6\x85\x2c\x78\x8e"
	"\x9e\x3a\x74\x65\x06\xb7\xbd\x5e\x49\xc6\x81\x7f\xdc\xa8\x6b\x37"
	"\xf1\xd2\xf8\x11\x6c\xcc\x28\xea\x32\x3a\xfd\x21\x00\x80\x7f\x83"
	"\xb3\x79\x7b\xde\xbf\x4e\xca\x8f\xd7\x6f\xdb\x43\x9f\xed\x7a\x94"
	"\xe1\x7a\x18\xcb\x92\xb7\xb4\x16\x78\x3a\xad\xee\x2d\x05\x38\x84"
	"\xb2\x72\xe5\xbd\xa7\xe6\x04\x84\xb9\xe1\x91\xf8\x78\xd7\x20\xda"
	"\x88\x78\xe5\x5e\xbd\x5f\x21\x42\xb9\x60\x70\xa9\xef\x9e\x2c\x58"
	"\x1a\x99\xbe\xe1\x3a\x57\xff\x00\x94\x9d\x5a\xfa\x47\x60\x11\x30"
	"\xe0\x19\xe3\x40\x81\x0f\xbf\x99\xde\x05\xbb\xe6\x58\x3d\xe7\x1e"
	"\xeb\x4f\x76\xa7\x13\xc6\x51\x42\x8a\xe1\xeb\xe9\x4b\x3c\x19\x1d"
	"\x21\xf0\x5c\x17\x36\xfc\x4c\xbb\x01\x29\xe7\xf5\x39\x08\xa5\x67"
	"\x21\x6a\x6b\x05\xf1\xa4\x68\x59\xce\xe7\xeb\xf5\xd9\x02\xc9\x1d"
	"\x5f\x15\xe0\x5c\x16\x0e\x39\x9f\x15\xb5\x17\x05\x5d\xd1\xda\x8c"
	"\xd7\xae\xd7\x59\x95\xea\xbc\x6d\xc3\x8d\x5e\x9b\x11\x9e\x07\xcd"
	"\xea\x3c\xa4\x65\x84\x2d\x1f\x8a\x82\xc1\x51\x9f\xde\xed\x76\x51"
	"\xf2\x7c\xa6\x0e\x68\x6f\x30\x72\x95\xb8\xb0\xf5\xfc\xe2\x4b\x4b"
	"\x19\x1c\x5f\x71\xb0\x94\x87\x50\xc3\xd2\xde\x5c\xd4\x37\x54\x7e"
	"\x1e\x1c\x17\x06\xee\xe9\x24\x54\xf3\xcd\x95\x14\x0b\x9c\x32\x18"
	"\x6f\xf2\x9a\x99\xa0\x1b\x3a\x90\x13\x54\x86\x39\x6a\x50\x48\xe1"
	"\xfd\x5d\xab\xd9\x47\x1d\xc5\xfc\xb8\xfb\xf1\x66\xf2\x34\x6a\x3f"
	"\x06\x73\xdd\x7b\x72\x57\x6c\x58\xd1\x36\x62\x25\xbb\x53\x54\xe1"
	"\xd8\x5a\xf8\x7c\x09\xe7\x69\xb6\xbb\x23\xf0\x4d\x84\x72\xab\x13"
	"\x42\x27\x1e\x55\x99\x9a\xf0\xdc\x4e\x7d\x38\xda\x14\x9d\xe4\x84"
	"\xde\xe8\xeb\x68\x04\xec\x9c\x64\x0f\x5b\x78\x4c\x43\x31\x18\x5c"
	"\x21\x51\xfa\x84\x61\xc7\x75\x9f\xbe\x1a\x86\x56\x61\x73\xc7\x75"
	"\x68\xad\x72\x00\x44\x97\x4e\x50\x5d\x51\xa4\xaf\xc0\xf4\x6f\x14"
	"\xe0\xe0\x4d\xb1\xd9\xf1\x2d\x95\x83\x4c\xf2\x9b\x68\x61\x25\xab"
	"\x4a\x00\xfd\x89\x5a\xa0\xc1\x51\xdd\x6b\x28\x36\x41\x33\x4d\xf2"
	"\x12\xc6\x90\xb9\x42\x1f\x6c\x4d\x77\xdf\x0e\x9b\xc3\xef\xc9\x61"
	"\xff\xf1\xbe\x7b\xb3\xf7\x28\x89\x92\x53\x4c\xcd\x18\xc9\x30\x83"
	"\x72\x8c\x6b\x2e\x0a\xec\xab\xad\x3e\x51\x92\x6c\x44\x49\xeb\x87"
	"\x36\x13\x55\xd1\x47\x7d\x41\x20\x39\x2b\x03\xdc\x92\x41\xd8\x0c"
	"\x6e\x7b\x9f\x0e\x49\x98\x28\x6f\x79\x55\xd8\x71\xeb\x7b\x16\xaf"
	"\x46\x7e\x23\x10\x3b\x85\x16\xf5\x9a\x2e\x8d\x71\xa7\x60\x99\x3d"
	"\x10\x28\xa4\x1d\x69\x9c\x13\x1b\x3a\xbd\x72\x3f\x20\x6d\xfd\xbd"
	"\x90\xc3\xe6\xcd\xaa\xc5\xb7\xf6\xde\xee\x0a\xc6\x6c\xc4\x68\xb4"
	"\x03\x28\x09\xca\x92\x87\x6b\xe4\x51\xc3\xb9\x0c\x35\x05\x20\x44"
	"\xdc\x87\xc4\x8a\x41\x24\x3c\xa4\x2c\xd2\x60\xc1\x9f\xb1\xcb\x11"
	"\x9e\x0c\xdb\x4a\x1b\x8b\x45\x3a\x59\xaf\xdd\x33\x37\xb2\x4a\x79"
	"\xe3\xfb\x1f\x18\xb2\xfe\x70\xe6\x1e\x2c\x04\xf1\xb8\x27\x5b\x19"
	"\x7d\x33\x18\xef\x66\xed\x24\xaf\x74\x0d\x57\x5b\xd5\x54\x4f\x87"
	"\xb5\x1d\xe6\x5d\x6a\xca\x30\xfa\x65\x8b\x53\x31\x34\xa8\xab\x6d"
	"\x80\x8c\xe1\xd7\x8f\x40\x1e\xff\xdf\xae\xaf\xaf\x3c\x9a\xce\x5d"
	"\x55\xfb\x58\x4e\x6c\x49\xd8\x11\x95\x08\xc1\x68\xcd\x72\x55\x24"
	"\x1e\x43\xaa\x75\xd9\x2f\x37\xa1\x5f\xed\xaf\xd0\x51\x03\xfd\x7f"
	"\x7a\xb7\x76\xe1\x38\xd1\x5b\x8c\x44\x31\x66\x28\x27\x7f\x2c\x08"
	"\xca\x58\x3f\x06\xf0\x55\x80\x7e\xe9\x0b\x10\xe4\xf2\x4e\x30\x30"
	"\xff\xaf\xf2\xaa\xb0\xc3\x74\xd9\x54\xb8\x5d\xbd\x0e\xb0\x54\x85"
	"\x16\x0b\x6e\xab\x25\x83\x01\x8e\xd1\xda\x1b\x5b\xaf\xb3\xe8\x49"
	"\x81\x92\x33\x69\x27\x28\x96\xb2\xa2\x5c\x09\x64\x2d\xb0\x05\x79"
	"\xb0\x85\xb8\x04\x81\xc9\x8a\x31\xa9\x8b\xa0\x5a\xbb\xf4\xb4\x70"
	"\xce\x8e\xe5\x22\x8f\x18\xf2\x83\xf5\x5c\x59\x55\x75\x1b\xca\xdf"
	"\x09\x00\x70\x8b\x0a\xc4\x4e\x03\x8b\x34\xe1\x34\x21\xbd\xb5\xd7"
	"\x93\xbc\x72\x4e\xfc\xe0\xff\xd8\xd4\x2e\x73\x37\xc6\x03\xcd\x1f"
	"\xdb\x86\xb8\x87\x86\x95\x48\x03\xa7\x48\x69\xc0\xe8\x00\xac\x5c"
	"\xea\x2a\xc7\x34\xe7\xa2\xe6\x4a\x6e\x58\x73\x9d\x27\x59\x6a\x2d"
	"\x28\x90\x6f\xc5\x44\xb3\x15\xee\x4d\xf8\xc2\xf7\x5f\x3d\xb1\xea"
	"\xaa\xca\x47\x2b\x99\x76\x9a\xd2\x49\x2e\xb9\x9d\xfb\xc6\xd8\xbf"
	"\xb9\x69\xd4\x44\x9f\x20\x7a\xdc\x49\xff\x03\x06\xa2\x9f\x3a\x60"
	"\x96\x02\x00"
MAGIC_END;
